radius_nm,temperature_C,pH,degradation_rate_per_hour,t50_hours,t90_hours,error
200,30,7.0,0.005,13.827655310621243,35.07014028056112,4.204963032276984
250,40,7.4,0.005,14.028056112224448,35.47094188376754,4.392914084682384
150,35,6.0,0.005,13.627254509018035,34.66933867735471,4.418616792703643
250,37,8.0,0.005,14.228456913827655,36.07214428857715,4.971225015160579
200,25,8.0,0.005,13.627254509018035,34.4689378757515,4.992108465427856
200,40,6.5,0.005,13.627254509018035,34.4689378757515,4.992108465427856
200,25,7.4,0.005,14.42885771543086,36.47294589178356,6.123027618362964
250,40,8.0,0.005,13.226452905811623,33.46693386773547,7.920610760599359
150,40,5.5,0.01,14.829659318637274,34.86973947895792,9.284460704977082
200,37,6.5,0.005,14.829659318637274,37.27454909819639,9.63144726326399
150,37,6.0,0.005,13.026052104208418,33.06613226452906,9.660362809787905
250,35,7.4,0.01,14.629258517034067,34.26853707414829,9.910964212995143
200,25,7.0,0.01,14.629258517034067,34.26853707414829,9.910964212995143
150,30,6.0,0.01,14.228456913827655,33.66733466933867,10.4073477616556
250,37,7.0,0.01,15.230460921843687,35.67134268537074,10.543893398018477
200,35,6.5,0.01,14.228456913827655,33.46693386773547,11.382444247211861
250,40,7.0,0.01,14.028056112224448,33.26653306613226,11.584853072879238
250,35,8.0,0.005,15.030060120240481,37.87575150300601,12.699708033301057
250,30,8.0,0.01,15.631262525050099,36.673346693386776,13.639463295328126
250,37,7.4,0.01,13.827655310621243,32.66533066132264,14.46034353275692
250,37,7.4,0.005,15.230460921843687,38.07615230460921,14.746286159493291
250,25,8.0,0.02,15.430861723446894,34.06813627254509,15.50290962686897
250,40,6.5,0.02,15.430861723446894,34.06813627254509,15.50290962686897
250,30,7.0,0.02,15.631262525050099,34.4689378757515,15.530218754141549
200,25,6.5,0.02,15.831663326653306,35.07014028056112,15.546282946654832
250,35,8.0,0.01,13.827655310621243,32.46492985971944,15.837044831145247
200,40,6.0,0.02,15.230460921843687,33.66733466933867,15.877205312428483
150,25,6.5,0.005,12.625250501002002,32.06412825651302,15.882024570182473
300,35,8.0,0.02,15.831663326653306,34.86973947895792,15.959132694246199
300,37,8.0,0.02,15.230460921843687,33.46693386773547,16.852301797984744
300,37,7.4,0.02,16.03206412825651,35.07014028056112,17.122180232207892
200,30,7.4,0.005,12.424849699398797,31.863727454909817,17.289247834346064
300,37,7.0,0.03,15.631262525050099,33.86773547094188,17.732619547712662
300,40,7.4,0.02,14.829659318637274,32.86573146292585,17.830611122043692
200,37,6.0,0.02,16.23246492985972,35.87174348697395,17.93020911562605
250,25,7.4,0.02,16.23246492985972,35.67134268537074,18.021775012951764
300,40,7.0,0.02,16.23246492985972,35.67134268537074,18.021775012951764
300,30,8.0,0.03,16.03206412825651,34.66933867735471,18.028200689957053
300,30,7.0,0.05,15.831663326653306,34.06813627254509,18.41374131027586
150,37,5.5,0.01,16.03206412825651,37.4749498997996,18.43301834129178
250,35,7.0,0.01,16.03206412825651,37.4749498997996,18.43301834129178
250,25,7.0,0.03,16.03206412825651,34.4689378757515,18.60169236268127
350,40,8.0,0.03,16.03206412825651,34.4689378757515,18.60169236268127
300,40,6.5,0.05,15.631262525050099,33.66733466933867,18.627395070702544
300,25,8.0,0.05,15.631262525050099,33.66733466933867,18.627395070702544
250,35,6.5,0.03,15.631262525050099,33.66733466933867,18.627395070702544
250,40,6.0,0.05,16.23246492985972,35.07014028056112,18.7783984803274
200,37,6.5,0.01,13.42685370741483,31.863727454909817,19.144662069630265
350,35,7.4,0.05,16.23246492985972,34.86973947895792,19.191248227918766
350,40,7.0,0.05,15.831663326653306,33.86773547094188,19.228195870699324
200,35,6.0,0.03,15.430861723446894,33.26653306613226,19.242653643961287
350,37,7.4,0.05,15.430861723446894,33.26653306613226,19.242653643961287
150,30,5.5,0.02,16.432865731462925,36.07214428857715,19.655503391552642
200,37,5.5,0.05,16.432865731462925,35.47094188376754,19.93020108352978
300,25,7.4,0.05,16.432865731462925,35.27054108216433,20.18240890598833
300,35,7.0,0.03,16.432865731462925,35.27054108216433,20.18240890598833
200,40,5.5,0.05,15.430861723446894,33.06613226452906,20.378392054650373
350,35,8.0,0.05,15.430861723446894,33.06613226452906,20.378392054650373
100,25,5.5,0.005,12.22444889779559,31.462925851703403,20.635419134862943
200,30,6.5,0.01,16.23246492985972,37.6753507014028,20.720559355183298
150,35,5.5,0.02,14.629258517034067,32.26452905811623,20.866743507054192
300,40,8.0,0.01,16.23246492985972,37.87575150300601,21.432203083521745
250,40,7.0,0.005,15.631262525050099,38.877755511022045,21.46754430705097
300,37,6.5,0.05,16.63326653306613,36.07214428857715,21.472363564804947
200,25,6.0,0.05,16.63326653306613,36.07214428857715,21.472363564804947
150,25,5.5,0.03,16.63326653306613,36.07214428857715,21.472363564804947
400,40,8.0,0.05,16.63326653306613,35.87174348697395,21.483608499564244
300,35,7.4,0.03,15.030060120240481,32.46492985971944,21.677985228974975
250,30,6.5,0.05,15.030060120240481,32.46492985971944,21.677985228974975
250,37,6.5,0.02,16.63326653306613,36.47294589178356,21.69083658298559
300,35,7.4,0.02,16.63326653306613,36.673346693386776,21.920554535925547
250,37,6.5,0.03,14.829659318637274,32.26452905811623,21.96071501720877
200,35,6.5,0.005,15.631262525050099,39.07815631262525,22.661113810787874
350,40,7.4,0.03,16.833667334669336,36.07214428857715,23.369544700623667
300,30,7.4,0.03,16.833667334669336,36.27254509018036,23.43862072843078
350,37,7.0,0.05,16.833667334669336,36.27254509018036,23.43862072843078
150,30,5.5,0.03,14.829659318637274,32.06412825651302,23.498058240729982
200,30,6.0,0.05,14.829659318637274,32.06412825651302,23.498058240729982
200,25,7.4,0.01,13.226452905811623,31.262525050100198,23.947855631101906
150,25,6.0,0.01,16.432865731462925,38.07615230460921,23.96070698511247
200,37,6.0,0.03,14.629258517034067,31.863727454909817,24.021750916663
250,30,7.4,0.02,14.42885771543086,31.663326653306612,24.706085517728848
250,37,8.0,0.01,13.026052104208418,31.062124248496993,25.435399857831914
150,25,6.0,0.02,14.228456913827655,31.462925851703403,25.551062043927566
250,25,7.4,0.03,14.629258517034067,31.663326653306612,25.71973606531701
300,40,7.0,0.03,14.629258517034067,31.663326653306612,25.71973606531701
350,37,8.0,0.05,14.629258517034067,31.663326653306612,25.71973606531701
350,37,8.0,0.03,17.034068136272545,36.673346693386776,25.795237770129436
250,25,6.5,0.05,17.034068136272545,36.673346693386776,25.795237770129436
200,35,7.0,0.005,12.024048096192384,30.861723446893787,26.40246424713154
300,40,8.0,0.02,14.028056112224448,31.262525050100198,26.556680495259073
150,30,6.0,0.005,15.831663326653306,39.47895791583166,26.784792028947628
200,35,6.0,0.02,17.034068136272545,37.4749498997996,27.517319207553374
250,30,7.4,0.01,16.63326653306613,38.476953907815634,27.602459427873782
200,30,6.5,0.02,14.028056112224448,31.062124248496993,28.495628531612333
150,40,6.0,0.005,11.823647294589177,30.66132264529058,28.5325761743929
200,30,6.0,0.03,17.23446893787575,37.07414829659319,28.553459624660128
200,35,5.5,0.05,17.23446893787575,37.07414829659319,28.553459624660128
350,30,8.0,0.05,17.23446893787575,37.27454909819639,29.02414046529931
200,25,6.5,0.03,14.228456913827655,31.062124248496993,29.348637154067667
300,30,7.4,0.05,14.629258517034067,31.262525050100198,29.356669250324313
250,35,7.0,0.02,13.827655310621243,30.861723446893787,29.74220987064309
150,37,5.5,0.02,13.827655310621243,30.861723446893787,29.74220987064309
350,40,7.4,0.05,14.42885771543086,31.062124248496993,30.28196673908941
300,37,7.4,0.03,14.42885771543086,31.062124248496993,30.28196673908941
150,25,5.5,0.05,14.42885771543086,31.062124248496993,30.28196673908941
250,40,7.4,0.01,12.825651302605209,30.460921843687373,31.36308689523337
300,35,8.0,0.03,14.228456913827655,30.861723446893787,31.367906152987338
250,30,6.5,0.03,17.43486973947896,37.6753507014028,32.34460905779493
300,35,6.5,0.05,17.43486973947896,37.6753507014028,32.34460905779493
400,40,7.4,0.05,17.43486973947896,37.6753507014028,32.34460905779493
250,37,6.0,0.05,17.43486973947896,37.6753507014028,32.34460905779493
250,35,7.4,0.005,16.03206412825651,40.08016032064128,32.90524937650852
200,25,7.0,0.005,16.03206412825651,40.08016032064128,32.90524937650852
200,30,7.0,0.01,12.625250501002002,30.260521042084168,33.33255689736186
250,30,7.0,0.03,14.228456913827655,30.66132264529058,33.46749611447346
300,37,7.0,0.02,17.43486973947896,38.07615230460921,33.84821747703822
250,35,6.5,0.02,17.43486973947896,38.07615230460921,33.84821747703822
150,35,5.5,0.01,16.833667334669336,39.278557114228455,34.11327665350738
350,35,7.0,0.05,17.635270541082164,37.87575150300601,35.27471777221776
200,30,8.0,0.005,11.623246492985972,30.060120240480963,35.42411476259131
250,30,8.0,0.02,13.627254509018035,30.260521042084168,35.58957594547813
300,35,7.0,0.05,14.228456913827655,30.460921843687373,35.64740703852597
250,40,6.5,0.03,14.028056112224448,30.260521042084168,37.054630302689546
150,35,6.0,0.01,12.424849699398797,29.859719438877754,37.883542636374976
250,25,8.0,0.03,13.827655310621243,30.060120240480963,38.62249549198597
400,37,8.0,0.05,17.83567134268537,38.476953907815634,40.1903606812824
300,25,7.0,0.05,17.83567134268537,38.476953907815634,40.1903606812824
350,35,8.0,0.03,17.83567134268537,38.476953907815634,40.1903606812824
200,40,5.5,0.03,17.83567134268537,38.476953907815634,40.1903606812824
200,40,6.0,0.03,13.627254509018035,29.859719438877754,40.35100260641526
200,25,8.0,0.01,12.424849699398797,29.65931863727455,40.384737410693134
200,40,6.5,0.01,12.424849699398797,29.65931863727455,40.384737410693134
300,30,8.0,0.05,13.827655310621243,29.859719438877754,41.04336930373776
350,40,8.0,0.02,17.83567134268537,38.877755511022045,42.33653680105701
250,25,7.0,0.02,17.83567134268537,38.877755511022045,42.33653680105701
300,40,7.4,0.01,17.23446893787575,39.879759519038075,42.45219898715264
300,37,8.0,0.03,13.627254509018035,29.65931863727455,42.852197380733415
300,30,8.0,0.02,17.83567134268537,39.07815631262525,43.53010630479392
350,40,8.0,0.05,13.827655310621243,29.65931863727455,43.54456407805592
250,25,7.0,0.05,13.827655310621243,29.65931863727455,43.54456407805592
350,37,7.4,0.03,18.036072144288575,38.677354709418836,43.602395171103694
250,37,7.0,0.02,13.226452905811623,29.458917835671343,44.289942610672234
300,25,8.0,0.03,18.036072144288575,38.877755511022045,44.71564371227422
150,40,5.5,0.005,16.432865731462925,41.082164328657306,45.47869285665511
200,37,7.0,0.005,11.422845691382765,29.258517034068134,45.78069967590494
350,30,7.4,0.05,18.036072144288575,39.07815631262525,45.909213216011125
300,40,6.5,0.03,18.23647294589178,39.07815631262525,48.36864108979475
350,40,7.0,0.03,18.23647294589178,39.278557114228455,49.64253155609811
250,35,6.0,0.05,18.23647294589178,39.278557114228455,49.64253155609811
250,35,6.5,0.05,13.42685370741483,29.058116232464926,50.22566174433041
300,40,7.4,0.03,13.42685370741483,29.058116232464926,50.22566174433041
300,37,7.0,0.05,13.627254509018035,29.058116232464926,50.83770747908649
250,40,8.0,0.01,12.024048096192384,28.85771543086172,51.01280717748126
150,40,5.5,0.02,13.026052104208418,28.85771543086172,52.0650117871013
300,30,7.0,0.03,18.43687374749499,39.47895791583166,53.53649182131793
300,37,8.0,0.01,17.635270541082164,40.681362725450896,53.6714310384295
300,35,7.0,0.02,18.23647294589178,39.879759519038075,53.946128730406656
150,35,5.5,0.03,13.226452905811623,28.657314629258515,55.41921518387479
200,40,6.0,0.01,17.635270541082164,40.881763527054105,55.587889205264204
150,37,6.0,0.01,11.823647294589177,28.45691382765531,56.929249280123386
250,37,7.0,0.005,16.833667334669336,41.88376753507014,57.98306030899474
200,35,6.0,0.05,13.226452905811623,28.45691382765531,58.40233573359144
250,35,7.4,0.02,12.625250501002002,28.2565130260521,60.35252870470405
200,25,7.0,0.02,12.625250501002002,28.2565130260521,60.35252870470405
250,30,7.4,0.03,13.026052104208418,28.2565130260521,61.01437343625131
400,35,8.0,0.05,18.637274549098194,40.280561122244485,62.37661696137761
150,30,6.0,0.02,12.424849699398797,28.056112224448896,63.28585025762952
400,37,7.4,0.05,18.637274549098194,40.480961923847694,64.13243320307947
350,35,7.4,0.03,18.8376753507014,40.280561122244485,65.07700772286047
150,25,5.5,0.02,18.637274549098194,40.681362725450896,65.96857040734767
250,25,8.0,0.01,18.036072144288575,41.48296593186373,66.49708234103478
250,40,6.5,0.01,18.036072144288575,41.48296593186373,66.49708234103478
150,25,6.0,0.03,12.825651302605209,27.85571142284569,67.01113650145984
300,35,7.4,0.05,13.026052104208418,27.85571142284569,67.3822193485167
200,35,7.4,0.005,10.821643286573146,27.85571142284569,67.71796097204431
150,30,6.5,0.005,10.821643286573146,27.85571142284569,67.71796097204431
350,40,7.4,0.02,18.637274549098194,40.881763527054105,67.88502857418237
250,40,7.0,0.02,12.22444889779559,27.655310621242485,69.68421813567014
150,25,6.5,0.01,11.623246492985972,27.655310621242485,69.77578403299584
200,35,6.5,0.02,12.424849699398797,27.655310621242485,69.81433809502772
200,30,7.4,0.01,11.422845691382765,27.655310621242485,69.96694792390392
200,30,6.5,0.03,12.625250501002002,27.655310621242485,70.02477901695173
250,37,6.5,0.05,12.825651302605209,27.655310621242485,70.31554090144215
300,40,8.0,0.03,12.825651302605209,27.655310621242485,70.31554090144215
250,40,6.0,0.03,19.038076152304605,40.681362725450896,71.44967289287982
300,30,7.4,0.02,18.8376753507014,41.082164328657306,72.58219846506627
300,25,7.4,0.03,19.038076152304605,40.881763527054105,73.36613105971452
250,35,7.0,0.03,12.625250501002002,27.454909819639276,73.40950437950052
150,37,5.5,0.03,12.625250501002002,27.454909819639276,73.40950437950052
150,30,5.5,0.05,12.825651302605209,27.454909819639276,73.70026626399094
100,30,5.5,0.005,10.621242484969939,27.454909819639276,74.91953847574914
200,37,5.5,0.03,19.038076152304605,41.082164328657306,75.36291018911555
250,30,7.0,0.01,18.23647294589178,42.08416833667334,75.91069915381857
300,40,7.0,0.05,12.625250501002002,27.25450901803607,76.87455070461566
200,37,6.0,0.05,12.625250501002002,27.25450901803607,76.87455070461566
250,25,7.4,0.05,12.625250501002002,27.25450901803607,76.87455070461566
100,25,5.5,0.01,11.222444889779558,27.25450901803607,77.08820446504232
400,40,7.0,0.05,19.038076152304605,41.28256513026052,77.44001028108315
350,37,8.0,0.02,19.038076152304605,41.48296593186373,79.5974313356171
250,30,8.0,0.005,17.43486973947896,43.08617234468938,79.75164758374467
250,35,8.0,0.02,12.024048096192384,27.054108216432866,80.02955811422444
250,37,7.4,0.02,12.024048096192384,27.054108216432866,80.02955811422444
400,40,8.0,0.03,19.238476953907817,41.48296593186373,82.4584640222329
200,40,7.0,0.005,10.420841683366733,27.054108216432866,82.52272079228598
300,35,8.0,0.01,18.43687374749499,42.484969939879754,83.4881787623342
250,30,8.0,0.03,12.22444889779559,26.85370741482966,83.7050453612636
200,30,5.5,0.05,19.238476953907817,41.68336673346693,84.69620603933319
200,30,6.0,0.02,19.238476953907817,41.88376753507014,87.01426901899997
200,25,6.5,0.05,12.424849699398797,26.65330661322645,87.54117453343564
300,37,7.4,0.05,12.424849699398797,26.65330661322645,87.54117453343564
300,35,8.0,0.05,12.424849699398797,26.65330661322645,87.54117453343564
300,37,6.5,0.03,19.438877755511022,41.68336673346693,87.6375596885153
200,35,7.0,0.01,11.02204408817635,26.65330661322645,88.31707503182722
200,25,6.5,0.01,18.637274549098194,42.68537074148296,88.7475953911831
300,37,7.4,0.01,18.637274549098194,42.68537074148296,88.7475953911831
350,37,7.0,0.03,19.438877755511022,41.88376753507014,89.95562266818209
200,25,6.0,0.03,19.438877755511022,41.88376753507014,89.95562266818209
200,37,6.5,0.02,11.823647294589177,26.452905811623246,91.1781077184429
150,40,6.0,0.01,11.02204408817635,26.452905811623246,92.10340520720801
350,25,8.0,0.05,19.438877755511022,42.08416833667334,92.35400661041518
350,40,6.5,0.05,19.438877755511022,42.08416833667334,92.35400661041518
200,37,7.4,0.005,10.220440881763526,26.452905811623246,94.31383809703577
400,35,7.4,0.05,19.438877755511022,42.28456913827655,94.83271151521478
250,37,7.0,0.03,12.024048096192384,26.25250501002004,95.01423689061488
250,30,7.0,0.05,12.22444889779559,26.25250501002004,95.06403588740606
300,30,6.5,0.05,19.438877755511022,42.484969939879754,97.39173738258073
200,35,8.0,0.005,10.02004008016032,26.25250501002004,98.93389986385596
200,25,7.4,0.02,11.623246492985972,26.052104208416836,99.1025738852454
150,37,5.5,0.005,17.83567134268537,44.0881763527054,99.47365673230215
250,35,7.0,0.005,17.83567134268537,44.0881763527054,99.47365673230215
200,30,8.0,0.01,10.821643286573146,26.052104208416836,100.34915522427617
250,25,8.0,0.05,12.024048096192384,25.851703406813623,102.9885020542087
250,40,6.5,0.05,12.024048096192384,25.851703406813623,102.9885020542087
350,30,7.0,0.05,19.639278557114228,42.68537074148296,103.0527588242617
450,40,8.0,0.05,19.639278557114228,42.68537074148296,103.0527588242617
250,30,6.5,0.02,19.639278557114228,42.68537074148296,103.0527588242617
250,37,8.0,0.02,11.422845691382765,25.851703406813623,103.32103083923366
250,25,6.5,0.03,19.839679358717436,42.484969939879754,103.51540756864426
300,40,7.0,0.01,19.038076152304605,43.48697394789579,105.58929482210908
250,25,7.4,0.01,19.038076152304605,43.48697394789579,105.58929482210908
200,40,6.0,0.05,11.823647294589177,25.651302605210418,107.1266380456304
150,40,5.5,0.03,11.823647294589177,25.651302605210418,107.1266380456304
200,30,6.5,0.005,18.036072144288575,44.48897795591182,108.4969136670133
200,37,6.0,0.01,19.038076152304605,43.68737474949899,108.6302464648735
300,37,8.0,0.05,11.823647294589177,25.450901803607213,111.31457303384327
200,35,5.5,0.03,20.04008016032064,42.88577154308617,112.05673872795691
200,37,7.0,0.01,10.420841683366733,25.450901803607213,113.77721374612958
300,40,8.0,0.005,18.23647294589178,44.68937875751503,114.39889799639354
350,30,8.0,0.03,20.04008016032064,43.08617234468938,114.85672748302218
250,35,7.4,0.03,11.422845691382765,25.250501002004004,115.88483580387236
200,25,7.0,0.03,11.422845691382765,25.250501002004004,115.88483580387236
200,30,7.0,0.02,11.222444889779558,25.250501002004004,116.15632065734684
250,40,7.4,0.02,11.222444889779558,25.250501002004004,116.15632065734684
350,35,8.0,0.02,20.04008016032064,43.28657314629258,117.73703720065379
200,40,5.5,0.02,20.04008016032064,43.28657314629258,117.73703720065379
150,30,5.5,0.01,19.238476953907817,44.0881763527054,117.81414532471749
300,40,7.4,0.05,11.623246492985972,25.0501002004008,120.04224882631
350,37,7.4,0.02,20.04008016032064,43.48697394789579,120.6976678808519
150,25,6.0,0.005,18.23647294589178,45.09018036072144,121.52497379528589
300,35,6.5,0.03,20.240480961923847,43.48697394789579,123.96030538029967
250,37,6.0,0.03,20.240480961923847,43.48697394789579,123.96030538029967
150,30,6.0,0.03,11.422845691382765,24.849699398797593,124.66231059313019
200,40,6.5,0.02,11.02204408817635,24.849699398797593,125.28560126264557
200,25,8.0,0.02,11.02204408817635,24.849699398797593,125.28560126264557
150,35,6.0,0.02,11.02204408817635,24.849699398797593,125.28560126264557
150,25,7.0,0.005,9.619238476953909,25.0501002004008,125.56833105087938
200,37,8.0,0.005,9.619238476953909,25.0501002004008,125.56833105087938
400,40,7.4,0.03,20.240480961923847,43.68737474949899,127.00125702306408
250,37,6.5,0.01,19.438877755511022,44.48897795591182,127.39964899739354
150,35,5.5,0.05,11.422845691382765,24.649298597194388,129.17152943160872
200,35,6.5,0.03,11.222444889779558,24.649298597194388,129.44301428508322
300,25,8.0,0.02,20.240480961923847,43.8877755511022,130.122529628395
250,30,7.4,0.005,18.43687374749499,45.49098196392785,131.51208228079395
400,37,7.0,0.05,20.240480961923847,44.0881763527054,133.32412319629225
300,40,6.5,0.02,20.240480961923847,44.0881763527054,133.32412319629225
350,35,7.0,0.03,20.440881763527052,43.8877755511022,133.4654880904092
300,35,7.4,0.01,19.639278557114228,44.68937875751503,133.86388006473868
250,40,7.0,0.03,11.222444889779558,24.44889779559118,134.03255408612824
350,25,7.4,0.05,20.240480961923847,44.28857715430861,136.60603772675603
150,30,6.5,0.01,10.02004008016032,24.44889779559118,137.34820342086985
250,30,7.4,0.05,11.222444889779558,24.248496993987974,138.70241484973963
250,30,6.0,0.05,20.440881763527052,44.28857715430861,139.9489961887702
200,40,7.4,0.005,9.4188376753507,24.44889779559118,140.09036108288728
150,35,6.5,0.005,9.218436873747494,24.44889779559118,141.1650555620259
200,35,7.4,0.01,10.02004008016032,24.248496993987974,142.01806418448123
350,40,7.0,0.02,20.440881763527052,44.48897795591182,143.3112316818004
400,37,8.0,0.03,20.64128256513026,44.28857715430861,143.3722756133509
150,25,6.0,0.05,11.222444889779558,24.04809619238477,143.4525965759174
250,37,7.4,0.03,11.02204408817635,24.04809619238477,143.8044023919583
250,35,8.0,0.03,10.821643286573146,24.04809619238477,144.2365291705656
250,40,8.0,0.02,10.621242484969939,24.04809619238477,144.74897691173933
300,25,7.0,0.03,20.64128256513026,44.48897795591182,146.73451110638106
100,30,5.5,0.01,9.819639278557114,24.04809619238477,147.6019775020984
300,40,8.0,0.05,11.02204408817635,23.847695390781563,148.63490508070248
150,37,6.0,0.02,10.420841683366733,23.847695390781563,150.17224830422367
300,30,7.0,0.02,20.64128256513026,44.68937875751503,150.17706756197765
150,35,5.5,0.005,18.8376753507014,46.29258517034068,152.69111369030637
200,30,6.5,0.05,11.02204408817635,23.647294589178355,153.54572873201317
450,40,7.4,0.05,20.64128256513026,44.88977955911823,153.69994498014057
200,37,6.5,0.03,10.821643286573146,23.647294589178355,153.9778555106205
100,35,5.5,0.005,9.018036072144287,23.847695390781563,156.57061618226433
350,37,6.5,0.05,20.64128256513026,45.09018036072144,157.30314336087002
200,40,7.0,0.01,9.619238476953909,23.647294589178355,158.25735639615908
250,35,7.0,0.05,11.02204408817635,23.44689378757515,158.5368733458902
150,37,5.5,0.05,11.02204408817635,23.44689378757515,158.5368733458902
200,35,6.0,0.01,20.04008016032064,45.69138276553106,158.56578889241405
350,30,7.4,0.03,21.04208416833667,45.09018036072144,164.39066509773045
400,30,8.0,0.05,20.841683366733466,45.29058116232465,164.49026309131287
150,25,6.5,0.02,10.220440881763526,23.246492985971944,165.8187718121614
200,37,7.4,0.01,9.4188376753507,23.246492985971944,169.3143401030518
250,30,8.0,0.05,10.621242484969939,23.04609218436874,169.70469998112455
200,25,7.4,0.03,10.420841683366733,23.04609218436874,170.2974686848647
200,30,7.4,0.02,10.220440881763526,23.04609218436874,170.97055835117126
350,35,7.4,0.02,21.04208416833667,45.49098196392785,171.83802474688844
450,37,8.0,0.05,20.841683366733466,45.69138276553106,172.0982646656037
100,25,6.0,0.005,8.817635270541082,23.246492985971944,172.77938642816696
200,35,8.0,0.01,9.4188376753507,23.04609218436874,174.46612664206165
250,35,6.0,0.03,21.242484969939877,45.49098196392785,175.5022670591683
250,37,8.0,0.03,10.420841683366733,22.84569138276553,175.52957618644106
100,25,5.5,0.02,10.02004008016032,22.84569138276553,176.95607648162058
150,37,6.5,0.005,8.817635270541082,23.04609218436874,177.93117296717682
200,40,8.0,0.005,8.817635270541082,23.04609218436874,177.93117296717682
250,40,5.5,0.05,21.04208416833667,45.89178356713427,179.60666824631224
300,40,6.0,0.05,21.04208416833667,45.89178356713427,179.60666824631224
300,40,7.4,0.005,19.238476953907817,47.29458917835671,179.96329332010708
250,35,6.5,0.01,20.440881763527052,46.49298597194389,181.3512395532548
250,40,7.4,0.03,10.220440881763526,22.645290581162325,181.5150943168903
250,40,6.0,0.02,21.242484969939877,45.89178356713427,183.2709105585921
300,37,7.0,0.01,20.440881763527052,46.69338677354709,185.5970056345154
250,37,7.0,0.05,10.420841683366733,22.444889779559116,186.23475407729293
200,30,7.0,0.03,10.220440881763526,22.444889779559116,186.9078437435995
300,25,7.4,0.02,21.242484969939877,46.09218436873748,187.2757137521536
200,35,7.0,0.02,9.819639278557114,22.444889779559116,188.49498596391186
150,25,7.4,0.005,8.617234468937875,22.645290581162325,189.79136629973374
100,37,5.5,0.005,8.617234468937875,22.645290581162325,189.79136629973374
400,35,7.0,0.05,21.242484969939877,46.29258517034068,191.36083790828138
150,35,6.0,0.03,10.02004008016032,22.24448897795591,193.13432476174796
150,40,6.0,0.02,9.819639278557114,22.24448897795591,193.96805635318736
200,37,5.5,0.02,21.442885771543086,46.29258517034068,195.10540118312773
150,40,5.5,0.05,10.220440881763526,22.0440881763527,197.93430548471704
200,25,8.0,0.03,10.02004008016032,22.0440881763527,198.68771611359
200,40,6.5,0.03,10.02004008016032,22.0440881763527,198.68771611359
400,35,8.0,0.03,21.64328657314629,46.29258517034068,198.9302854205404
200,30,8.0,0.02,9.619238476953909,22.0440881763527,200.4355002590352
400,37,7.4,0.03,21.64328657314629,46.49298597194389,203.09573053923475
300,37,8.0,0.005,19.639278557114228,48.09619238476954,204.67644708254178
200,37,8.0,0.01,8.817635270541082,22.0440881763527,204.8949201007226
150,25,7.0,0.01,8.817635270541082,22.0440881763527,204.8949201007226
250,35,7.4,0.05,10.02004008016032,21.64328657314629,210.0354617049731
200,25,7.0,0.05,10.02004008016032,21.64328657314629,210.0354617049731
350,40,8.0,0.01,20.841683366733466,47.49498997995992,210.31015939695016
250,25,7.0,0.01,20.841683366733466,47.49498997995992,210.31015939695016
400,40,8.0,0.02,21.64328657314629,46.8937875751503,211.66758366432256
200,25,5.5,0.05,21.64328657314629,47.0941883767535,216.073991670716
300,37,6.5,0.02,21.64328657314629,47.0941883767535,216.073991670716
200,40,7.4,0.01,8.617234468937875,21.64328657314629,217.55832305894359
250,40,8.0,0.03,9.619238476953909,21.442885771543086,217.57760008995947
200,40,6.0,0.005,19.839679358717436,48.49699398797595,217.63543118300723
200,37,7.0,0.02,9.4188376753507,21.442885771543086,218.5719736065317
200,25,6.0,0.02,21.843687374749496,47.0941883767535,219.9791968706951
150,30,7.0,0.005,8.216432865731463,21.64328657314629,220.4306006803186
350,35,6.5,0.05,21.64328657314629,47.29458917835671,220.56072063967602
200,35,6.5,0.05,9.819639278557114,21.242484969939877,222.53822273806136
150,30,6.0,0.05,9.819639278557114,21.242484969939877,222.53822273806136
300,30,8.0,0.01,21.04208416833667,47.89579158316633,223.26914349741554
150,35,6.5,0.01,8.617234468937875,21.442885771543086,223.35267729848476
150,37,6.0,0.03,9.619238476953909,21.242484969939877,223.45227529206716
350,37,7.0,0.02,21.843687374749496,47.29458917835671,224.4659258396551
150,40,6.5,0.005,8.016032064128256,21.442885771543086,227.78157517439692
250,40,7.0,0.05,9.819639278557114,21.04208416833667,228.49321890273538
400,40,7.0,0.03,22.0440881763527,47.49498997995992,233.01850193372707
150,25,8.0,0.005,8.016032064128256,21.242484969939877,233.6562503765046
400,30,7.4,0.05,21.843687374749496,47.69539078156313,233.68034666527439
250,25,8.0,0.005,20.04008016032064,49.098196392785574,236.20563772836266
100,35,5.5,0.01,8.416833667334668,21.04208416833667,236.57832699467076
300,25,6.5,0.05,21.843687374749496,47.89579158316633,238.4080385219335
450,35,8.0,0.05,21.843687374749496,47.89579158316633,238.4080385219335
100,40,5.5,0.005,7.8156312625250495,21.04208416833667,241.24818775828214
250,37,7.4,0.05,9.619238476953909,20.64128256513026,241.55822667378843
250,35,8.0,0.05,9.619238476953909,20.64128256513026,241.55822667378843
250,25,6.5,0.02,22.0440881763527,47.89579158316633,242.393564684479
150,25,6.5,0.03,9.4188376753507,20.64128256513026,242.55260019036066
200,30,7.4,0.03,9.218436873747494,20.64128256513026,243.6272946694993
250,40,6.5,0.005,20.240480961923847,49.298597194388776,244.7582138224344
150,30,6.5,0.02,9.018036072144287,20.64128256513026,244.78231011120437
450,37,7.4,0.05,22.0440881763527,48.09619238476954,247.2015775037047
100,25,5.5,0.03,9.218436873747494,20.440881763527052,249.82325372187265
300,35,7.0,0.01,21.442885771543086,48.69739478957915,250.3919261368426
350,25,7.0,0.05,22.0440881763527,48.29659318637274,252.0899112854966
200,35,7.4,0.02,8.817635270541082,20.440881763527052,252.21360556784919
200,37,6.5,0.05,9.4188376753507,20.240480961923847,255.02483925767368
200,30,5.5,0.03,22.444889779559116,48.09619238476954,255.41359271649503
100,25,6.0,0.01,8.216432865731463,20.440881763527052,256.40154055606206
150,37,6.5,0.01,8.216432865731463,20.440881763527052,256.40154055606206
200,40,8.0,0.01,8.216432865731463,20.440881763527052,256.40154055606206
100,30,5.5,0.02,8.817635270541082,20.240480961923847,258.4898855827888
200,35,5.5,0.02,22.444889779559116,48.29659318637274,260.30192649828695
200,35,7.0,0.03,9.018036072144287,20.04008016032064,263.6111501560234
250,30,7.0,0.005,20.440881763527052,49.899799599198396,264.45291384371944
350,25,8.0,0.03,22.444889779559116,48.49699398797595,265.27058124264545
350,30,8.0,0.02,22.444889779559116,48.49699398797595,265.27058124264545
200,40,7.0,0.02,8.617234468937875,20.04008016032064,266.1621439271328
200,25,7.4,0.05,9.218436873747494,19.839679358717436,268.8930566543909
350,40,6.5,0.03,22.645290581162325,48.49699398797595,269.49707029289027
150,40,6.0,0.03,9.018036072144287,19.839679358717436,270.04807209609595
150,25,7.4,0.01,8.016032064128256,20.04008016032064,270.59104180304496
100,37,5.5,0.01,8.016032064128256,20.04008016032064,270.59104180304496
100,30,6.0,0.005,7.615230460921843,20.04008016032064,273.94524519981843
400,35,7.4,0.03,22.645290581162325,48.69739478957915,274.5460459998151
250,37,8.0,0.05,9.018036072144287,19.639278557114228,276.565314998735
200,30,8.0,0.03,8.817635270541082,19.639278557114228,277.80065140300644
300,30,6.5,0.03,22.645290581162325,48.89779559118236,279.67534266930636
200,37,7.4,0.02,8.416833667334668,19.639278557114228,280.5122870992487
450,40,7.0,0.05,22.444889779559116,49.098196392785574,280.6584712511195
250,40,7.4,0.05,9.018036072144287,19.438877755511022,283.1628788639403
300,35,6.5,0.02,22.645290581162325,49.098196392785574,284.88496030136434
250,37,6.0,0.02,22.645290581162325,49.098196392785574,284.88496030136434
300,37,6.0,0.05,22.444889779559116,49.298597194388776,285.9484098457435
250,37,5.5,0.05,22.444889779559116,49.298597194388776,285.9484098457435
200,35,8.0,0.02,8.416833667334668,19.438877755511022,287.109850964454
300,35,8.0,0.005,20.841683366733466,50.50100200400801,288.4544238778155
150,25,5.5,0.01,22.0440881763527,49.69939879759519,288.5572347099006
150,30,7.4,0.005,7.414829659318637,19.639278557114228,288.69699318476637
450,40,8.0,0.03,22.84569138276553,49.098196392785574,289.1917703141755
350,30,7.0,0.03,22.84569138276553,49.098196392785574,289.1917703141755
200,30,7.0,0.05,8.817635270541082,19.238476953907817,291.07610009598346
350,40,7.4,0.01,22.0440881763527,49.899799599198396,294.08813619222406
200,25,6.5,0.005,20.841683366733466,50.701402805611224,294.3066092104048
400,40,7.4,0.02,22.84569138276553,49.298597194388776,294.4817089087995
200,40,6.5,0.05,8.817635270541082,19.038076152304605,297.8343058863219
150,35,6.0,0.05,8.817635270541082,19.038076152304605,297.8343058863219
200,37,7.0,0.03,8.617234468937875,19.038076152304605,299.1499632531598
350,35,7.0,0.02,22.84569138276553,49.498997995991985,299.85196846599007
150,30,7.0,0.01,7.615230460921843,19.238476953907817,300.17485873550703
300,37,7.4,0.005,20.841683366733466,50.901803607214426,300.2391155055601
200,25,8.0,0.05,8.817635270541082,18.8376753507014,304.67283263922644
500,40,8.0,0.05,22.645290581162325,49.899799599198396,306.5266404552592
150,40,6.5,0.01,7.615230460921843,19.038076152304605,306.93306452584545
150,25,8.0,0.01,7.615230460921843,19.038076152304605,306.93306452584545
300,30,7.4,0.01,22.24448897795591,50.300601202404806,309.4567491696819
150,25,7.0,0.02,8.016032064128256,18.637274549098194,317.33623559744746
200,37,8.0,0.02,8.016032064128256,18.637274549098194,317.33623559744746
150,35,7.0,0.005,7.014028056112224,18.8376753507014,319.40530359315835
250,40,8.0,0.05,8.617234468937875,18.43687374749499,319.9065063995727
250,25,6.0,0.05,22.84569138276553,50.300601202404806,322.1362163204163
100,40,5.5,0.01,7.414829659318637,18.637274549098194,322.48802213645735
200,35,7.4,0.03,8.216432865731463,18.43687374749499,322.77878402094774
150,30,6.5,0.03,8.216432865731463,18.43687374749499,322.77878402094774
400,37,8.0,0.02,23.246492985971944,50.1002004008016,325.29925582628164
300,25,7.0,0.02,23.246492985971944,50.1002004008016,325.29925582628164
150,37,6.0,0.05,8.416833667334668,18.23647294589178,328.38197436958103
350,37,8.0,0.01,22.444889779559116,50.901803607214426,331.15947325512735
450,35,7.4,0.05,23.04609218436874,50.50100200400801,332.2952116658164
200,40,7.4,0.02,7.8156312625250495,18.23647294589178,333.0518351331924
150,35,6.5,0.02,7.8156312625250495,18.23647294589178,333.0518351331924
150,30,8.0,0.005,6.813627254509018,18.43687374749499,335.3618660166024
100,30,5.5,0.03,8.016032064128256,18.036072144288575,338.57470451925906
100,35,5.5,0.02,7.615230460921843,18.036072144288575,341.9289079160326
250,25,7.4,0.005,21.442885771543086,51.903807615230455,342.0991883566731
300,40,7.0,0.005,21.442885771543086,51.903807615230455,342.0991883566731
150,25,6.5,0.05,8.216432865731463,17.83567134268537,344.2582158304586
100,30,6.0,0.01,7.21442885771543,18.036072144288575,345.60439516307173
200,40,7.0,0.03,8.016032064128256,17.83567134268537,345.8148360849957
200,37,6.0,0.005,21.442885771543086,52.10420841683367,348.51362042722735
200,30,7.4,0.05,8.216432865731463,17.635270541082164,351.5786683587616
400,37,7.0,0.03,23.647294589178355,50.701402805611224,351.7907156999369
200,30,6.0,0.01,22.84569138276553,51.302605210420836,351.79874779619337
200,37,7.4,0.03,7.8156312625250495,17.635270541082164,354.7722298304023
350,30,7.4,0.02,23.647294589178355,50.901803607214426,357.7232219950922
350,25,7.4,0.03,23.647294589178355,50.901803607214426,357.7232219950922
250,30,6.0,0.03,23.647294589178355,50.901803607214426,357.7232219950922
150,37,7.0,0.005,6.613226452905812,17.83567134268537,358.9601648186153
100,25,5.5,0.05,8.016032064128256,17.43486973947896,360.5360621041682
400,25,8.0,0.05,23.246492985971944,51.302605210420836,360.65333070951505
200,35,8.0,0.03,7.8156312625250495,17.43486973947896,362.1730033212718
150,30,5.5,0.005,21.64328657314629,52.50501002004008,365.40833169344705
100,25,6.0,0.02,7.414829659318637,17.43486973947896,365.6878486431781
200,40,8.0,0.02,7.414829659318637,17.43486973947896,365.6878486431781
150,37,6.5,0.02,7.414829659318637,17.43486973947896,365.6878486431781
150,30,7.4,0.01,7.014028056112224,17.43486973947896,369.5239778153501
200,35,7.0,0.05,7.8156312625250495,17.23446893787575,369.6540977747078
400,40,6.5,0.05,23.44689378757515,51.503006012024045,371.37457279288026
250,35,6.0,0.02,23.847695390781563,51.302605210420836,374.5376122987456
100,37,5.5,0.02,7.21442885771543,17.23446893787575,375.0468472014169
100,35,6.0,0.005,6.4128256513026045,17.43486973947896,375.8805787928562
150,40,6.0,0.05,7.8156312625250495,17.034068136272545,377.2155131907101
300,35,6.0,0.05,23.44689378757515,51.70340681362725,377.62836293830117
250,35,5.5,0.05,23.44689378757515,51.70340681362725,377.62836293830117
150,25,7.4,0.02,7.21442885771543,17.034068136272545,382.6082626174192
250,37,6.5,0.005,21.843687374749496,52.90581162324649,382.70464777249884
200,30,8.0,0.05,7.8156312625250495,16.833667334669336,384.85724956927896
450,40,7.4,0.03,24.04809619238477,51.503006012024045,385.49981726981
250,30,6.5,0.01,23.246492985971944,52.10420841683367,385.8291332163326
150,25,7.0,0.03,7.414829659318637,16.833667334669336,388.37209489118527
150,35,7.0,0.01,6.613226452905812,17.034068136272545,388.7239007072261
150,35,7.4,0.005,6.212424849699398,17.034068136272545,393.20259757992943
400,30,7.0,0.05,23.647294589178355,52.10420841683367,395.00499997991983
200,37,8.0,0.03,7.414829659318637,16.63326653306613,396.0941522323204
350,37,6.5,0.03,24.04809619238477,51.903807615230455,398.0877185232186
300,35,7.4,0.005,22.0440881763527,53.3066132264529,400.4025686643827
200,37,7.0,0.05,7.615230460921843,16.432865731462925,402.0989473937856
150,35,6.5,0.03,7.21442885771543,16.432865731462925,405.7744346408247
200,40,7.4,0.03,7.21442885771543,16.432865731462925,405.7744346408247
150,30,8.0,0.01,6.4128256513026045,16.63326653306613,406.28688238199857
150,30,7.0,0.02,7.014028056112224,16.432865731462925,407.732659708194
100,37,6.0,0.005,6.212424849699398,16.63326653306613,408.56639129963344
400,30,8.0,0.03,24.248496993987974,52.10420841683367,409.3712073445489
500,40,7.4,0.05,23.847695390781563,52.50501002004008,412.7832418343702
400,35,8.0,0.02,24.248496993987974,52.30460921843687,415.8659603776691
150,40,6.5,0.02,6.813627254509018,16.23246492985972,417.6539050043976
150,25,8.0,0.02,6.813627254509018,16.23246492985972,417.6539050043976
150,40,7.0,0.005,6.012024048096192,16.432865731462925,418.7285994835362
450,37,7.0,0.05,23.847695390781563,52.705410821643284,419.43863679262324
100,35,5.5,0.03,7.014028056112224,16.03206412825651,423.57837920329644
100,40,5.5,0.02,6.813627254509018,16.03206412825651,425.6169252332321
400,37,7.4,0.02,24.44889779559118,52.50501002004008,427.39041208669846
450,37,8.0,0.03,24.44889779559118,52.50501002004008,427.39041208669846
350,35,8.0,0.01,23.647294589178355,53.106212424849694,428.28197477118545
200,40,5.5,0.01,23.647294589178355,53.106212424849694,428.28197477118545
150,30,6.5,0.05,7.21442885771543,15.831663326653306,429.663495327328
200,35,7.4,0.05,7.21442885771543,15.831663326653306,429.663495327328
150,37,7.0,0.01,6.212424849699398,16.03206412825651,432.21448909843747
250,40,5.5,0.03,24.44889779559118,52.705410821643284,434.0458070449514
300,40,6.0,0.03,24.44889779559118,52.705410821643284,434.0458070449514
150,37,7.4,0.005,6.012024048096192,16.03206412825651,434.57431897863876
100,25,6.5,0.005,6.012024048096192,16.03206412825651,434.57431897863876
150,35,8.0,0.005,5.811623246492986,16.03206412825651,437.0144698214064
100,30,5.5,0.05,7.21442885771543,15.631262525050099,437.78715748129537
350,37,7.4,0.01,23.847695390781563,53.3066132264529,439.88674744278126
100,35,6.0,0.01,6.212424849699398,15.831663326653306,440.25783028983824
150,37,6.5,0.03,6.813627254509018,15.631262525050099,441.78392857860024
200,40,8.0,0.03,6.813627254509018,15.631262525050099,441.78392857860024
100,25,6.0,0.03,6.813627254509018,15.631262525050099,441.78392857860024
200,40,7.0,0.05,7.014028056112224,15.430861723446894,447.9493656651981
150,25,7.4,0.03,6.813627254509018,15.430861723446894,449.98791169513373
100,37,5.5,0.03,6.813627254509018,15.430861723446894,449.98791169513373
400,35,7.0,0.03,24.649298597194388,53.106212424849694,452.62725852506594
100,30,6.0,0.02,6.4128256513026045,15.430861723446894,454.3059666427042
350,30,6.5,0.05,24.248496993987974,53.507014028056105,456.52121879028573
500,37,8.0,0.05,24.248496993987974,53.507014028056105,456.52121879028573
150,35,7.4,0.01,6.012024048096192,15.430861723446894,458.9453054405403
200,35,6.0,0.005,22.645290581162325,54.709418837675344,463.3645648009443
300,25,8.0,0.01,24.04809619238477,53.90781563126252,465.8464825442467
300,40,6.5,0.01,24.04809619238477,53.90781563126252,465.8464825442467
200,35,8.0,0.05,6.813627254509018,15.030060120240481,466.63684081590037
200,37,7.4,0.05,6.813627254509018,15.030060120240481,466.63684081590037
150,30,7.4,0.02,6.4128256513026045,15.030060120240481,470.95489576347086
400,40,7.0,0.02,24.849699398797593,53.507014028056105,471.6103148180125
100,40,6.0,0.005,5.611222444889779,15.230460921843687,472.1902321677423
150,37,8.0,0.005,5.611222444889779,15.230460921843687,472.1902321677423
100,37,6.0,0.01,5.811623246492986,15.030060120240481,478.03438540407467
150,30,7.0,0.03,6.4128256513026045,14.829659318637274,479.3998417677037
450,30,8.0,0.05,24.44889779559118,54.10821643286573,482.8825587045834
400,25,7.4,0.05,24.44889779559118,54.10821643286573,482.8825587045834
150,40,7.0,0.01,5.811623246492986,14.829659318637274,486.47933140830753
150,40,6.5,0.03,6.4128256513026045,14.629258517034067,487.9251087345031
150,25,8.0,0.03,6.4128256513026045,14.629258517034067,487.9251087345031
150,40,7.4,0.005,5.410821643286573,14.829659318637274,491.6005959815422
150,35,7.0,0.02,6.012024048096192,14.629258517034067,492.5644475323393
350,40,7.0,0.01,24.248496993987974,54.50901803607214,492.60942727137626
200,37,8.0,0.05,6.613226452905812,14.42885771543086,494.3315087088005
150,25,7.0,0.05,6.613226452905812,14.42885771543086,494.3315087088005
150,37,7.4,0.01,5.611222444889779,14.629258517034067,497.52507018044105
100,25,6.5,0.01,5.611222444889779,14.629258517034067,497.52507018044105
200,30,5.5,0.02,25.0501002004008,54.10821643286573,498.2126176200095
200,25,5.5,0.03,25.0501002004008,54.10821643286573,498.2126176200095
100,40,5.5,0.03,6.212424849699398,14.42885771543086,498.81020558150385
250,35,6.5,0.005,23.04609218436874,55.51102204408818,502.696133750467
300,30,7.0,0.01,24.44889779559118,54.709418837675344,505.0174095686359
200,40,7.4,0.05,6.4128256513026045,14.228456913827655,505.2166055558009
150,35,6.5,0.05,6.4128256513026045,14.228456913827655,505.2166055558009
150,35,8.0,0.01,5.611222444889779,14.42885771543086,506.1306581098069
150,30,8.0,0.02,6.012024048096192,14.228456913827655,509.855944353637
350,35,6.5,0.03,25.250501002004004,54.30861723446893,510.781241842402
300,37,7.0,0.005,23.246492985971944,55.71142284569138,515.0237950851603
350,25,8.0,0.02,25.250501002004004,54.50901803607214,518.159525463753
150,37,7.0,0.02,5.811623246492986,14.028056112224448,521.0623250509035
100,35,5.5,0.05,6.4128256513026045,13.827655310621243,522.8293862273646
100,30,6.0,0.03,6.012024048096192,13.827655310621243,527.4687250252007
350,40,6.5,0.02,25.450901803607213,54.709418837675344,530.9691125738448
400,30,7.4,0.03,25.450901803607213,54.709418837675344,530.9691125738448
150,40,8.0,0.005,5.01002004008016,14.028056112224448,531.6261380476384
100,25,6.0,0.05,6.212424849699398,13.627254509018035,534.0357669246308
100,40,6.0,0.01,5.410821643286573,13.827655310621243,535.030140441203
150,37,8.0,0.01,5.210420841683367,13.827655310621243,537.71125417167
300,30,6.5,0.02,25.450901803607213,54.90981963927855,538.5080381203286
400,35,7.4,0.02,25.450901803607213,54.90981963927855,538.5080381203286
450,35,8.0,0.03,25.450901803607213,54.90981963927855,538.5080381203286
300,25,6.5,0.03,25.450901803607213,54.90981963927855,538.5080381203286
150,30,7.4,0.03,5.811623246492986,13.627254509018035,538.8357476475998
100,30,6.5,0.005,5.01002004008016,13.827655310621243,540.4726888647034
100,35,6.0,0.02,5.611222444889779,13.627254509018035,541.3562194529339
200,40,8.0,0.05,6.212424849699398,13.42685370741483,543.0429596668287
150,37,6.5,0.05,6.212424849699398,13.42685370741483,543.0429596668287
400,37,6.5,0.05,25.0501002004008,55.31062124248497,543.2052080112127
450,35,7.0,0.05,25.0501002004008,55.31062124248497,543.2052080112127
150,35,7.4,0.02,5.611222444889779,13.42685370741483,550.3634121951318
450,37,7.4,0.03,25.651302605210418,55.110220440881754,551.5585881181196
100,37,5.5,0.05,6.012024048096192,13.226452905811623,554.4903032517942
150,25,7.4,0.05,6.012024048096192,13.226452905811623,554.4903032517942
150,40,7.4,0.01,5.210420841683367,13.42685370741483,555.6453186934992
350,25,7.0,0.03,25.651302605210418,55.31062124248497,559.2581555897365
450,40,8.0,0.02,25.651302605210418,55.31062124248497,559.2581555897365
150,35,7.0,0.03,5.611222444889779,13.226452905811623,559.450925899896
350,35,7.4,0.01,24.849699398797593,55.91182364729459,561.5954956004192
250,25,7.0,0.005,23.647294589178355,56.71342685370741,564.7055232709906
350,30,7.0,0.02,25.651302605210418,55.51102204408818,567.0380440239196
100,37,6.0,0.02,5.410821643286573,13.026052104208418,571.2195533351271
150,40,7.0,0.02,5.410821643286573,13.026052104208418,571.2195533351271
350,40,8.0,0.005,23.647294589178355,56.91382765531062,573.0476584431386
150,30,7.0,0.05,5.811623246492986,12.825651302605209,575.3464443917896
150,30,8.0,0.03,5.611222444889779,12.825651302605209,577.8669161971237
150,40,6.5,0.05,5.811623246492986,12.625250501002002,584.6749209842533
500,35,8.0,0.05,25.450901803607213,56.11222444889779,585.4283316131258
150,25,8.0,0.05,5.611222444889779,12.625250501002002,587.1953927895873
250,40,6.0,0.01,25.250501002004004,56.312625250501,588.1785213713999
150,40,8.0,0.01,4.809619238476954,12.825651302605209,588.7520130441243
150,37,7.0,0.03,5.410821643286573,12.625250501002002,589.7961855574879
150,37,7.4,0.02,5.210420841683367,12.625250501002002,592.4772992879548
100,25,6.5,0.02,5.210420841683367,12.625250501002002,592.4772992879548
150,35,8.0,0.02,5.210420841683367,12.625250501002002,592.4772992879548
300,30,8.0,0.005,23.847695390781563,57.31462925851703,594.6813065007769
300,25,7.4,0.01,25.250501002004004,56.5130260521042,596.3600146184149
100,40,5.5,0.05,5.611222444889779,12.424849699398797,596.604190344617
100,30,6.5,0.01,4.809619238476954,12.625250501002002,598.0804896365879
500,37,7.4,0.05,25.450901803607213,56.5130260521042,601.7109971445894
100,35,6.0,0.03,5.210420841683367,12.424849699398797,601.8860968429844
450,40,7.0,0.03,26.052104208416836,56.11222444889779,601.9632049670482
200,37,5.5,0.01,25.450901803607213,56.71342685370741,609.9728113541711
250,37,5.5,0.03,26.052104208416836,56.312625250501,610.0643772514969
300,37,6.0,0.03,26.25250501002004,56.312625250501,615.7366436279372
100,30,6.0,0.05,5.410821643286573,12.024048096192384,618.2635411102767
150,35,7.4,0.03,5.210420841683367,12.024048096192384,620.9446548407436
100,25,7.0,0.005,4.408817635270541,12.22444889779559,622.9028799081129
100,40,6.0,0.02,5.01002004008016,12.024048096192384,623.706089533777
150,37,8.0,0.02,5.01002004008016,12.024048096192384,623.706089533777
150,30,7.4,0.05,5.210420841683367,11.823647294589177,630.5944152834727
450,30,7.4,0.05,25.651302605210418,57.11422845691383,632.1687061497745
100,35,6.5,0.005,4.408817635270541,12.024048096192384,632.4723193882757
150,40,7.0,0.03,5.01002004008016,11.823647294589177,633.3558499765061
100,37,6.0,0.03,5.01002004008016,11.823647294589177,633.3558499765061
150,40,7.4,0.02,4.809619238476954,11.823647294589177,636.1976056321058
150,35,7.0,0.05,5.210420841683367,11.422845691382765,650.1348990566303
500,40,8.0,0.03,26.452905811623246,57.11422845691383,654.6971297304027
400,37,7.0,0.02,26.452905811623246,57.11422845691383,654.6971297304027
400,40,8.0,0.01,25.851703406813623,57.51503006012024,654.7662057582096
150,37,7.4,0.03,4.809619238476954,11.422845691382765,655.7380894052634
100,25,6.5,0.03,4.809619238476954,11.422845691382765,655.7380894052634
150,35,8.0,0.03,4.809619238476954,11.422845691382765,655.7380894052634
300,35,7.0,0.005,24.44889779559118,58.51703406813627,661.9918795506843
150,30,8.0,0.05,5.01002004008016,11.222444889779558,662.787057080092
300,37,6.5,0.01,25.851703406813623,57.71543086172344,663.429624780623
100,25,7.0,0.01,4.208416833667334,11.422845691382765,664.7452821474612
150,40,8.0,0.02,4.609218436873747,11.222444889779558,668.550889353858
100,30,6.5,0.02,4.609218436873747,11.222444889779558,668.550889353858
500,40,7.0,0.05,26.052104208416836,57.71543086172344,669.021570194497
250,30,6.0,0.02,26.65330661322645,57.31462925851703,669.0328151292563
350,25,7.4,0.02,26.65330661322645,57.31462925851703,669.0328151292563
200,25,6.0,0.01,25.851703406813623,57.91583166332665,672.1733647656031
150,37,7.0,0.05,4.809619238476954,11.02204408817635,675.5998570286866
250,25,6.0,0.03,26.65330661322645,57.51503006012024,677.6159131891036
400,35,6.5,0.05,26.052104208416836,57.91583166332665,677.7653101794771
100,37,6.5,0.005,4.008016032064128,11.222444889779558,677.7990449837552
100,40,6.0,0.03,4.609218436873747,11.02204408817635,678.5219336468529
150,37,8.0,0.03,4.609218436873747,11.02204408817635,678.5219336468529
100,35,6.5,0.01,4.208416833667334,11.02204408817635,684.6070497708845
100,35,6.0,0.05,4.809619238476954,10.821643286573146,685.6512222842479
350,37,7.0,0.01,26.052104208416836,58.11623246492985,686.5893711270232
350,40,6.0,0.05,26.052104208416836,58.11623246492985,686.5893711270232
100,25,7.4,0.005,4.008016032064128,11.02204408817635,687.77008927675
150,40,7.4,0.03,4.609218436873747,10.821643286573146,688.5732989024141
450,35,7.4,0.03,26.85370741482966,57.71543086172344,692.1925614756565
250,30,5.5,0.05,26.25250501002004,58.31663326653307,701.1660194135767
150,35,7.4,0.05,4.609218436873747,10.420841683366733,708.9169923012358
300,30,6.0,0.05,26.25250501002004,58.51703406813627,710.1507222862557
100,30,7.0,0.005,3.8076152304609217,10.621242484969939,711.1965012188706
450,40,7.4,0.02,27.054108216432866,58.11623246492985,715.7539126348886
100,37,6.5,0.01,4.008016032064128,10.420841683366733,718.165147931133
150,40,7.0,0.05,4.609218436873747,10.220440881763526,719.2093204444963
100,37,6.0,0.05,4.609218436873747,10.220440881763526,719.2093204444963
100,40,6.5,0.005,3.8076152304609217,10.420841683366733,721.4085083995648
100,25,8.0,0.005,3.8076152304609217,10.420841683366733,721.4085083995648
350,37,6.5,0.02,27.054108216432866,58.31663326653307,724.6582945450018
250,25,6.5,0.01,26.452905811623246,58.71743486973948,724.9683334605081
100,30,6.5,0.03,4.208416833667334,10.220440881763526,725.2944365685279
150,40,8.0,0.03,4.208416833667334,10.220440881763526,725.2944365685279
100,25,7.4,0.01,3.8076152304609217,10.220440881763526,731.7008365428252
150,37,7.4,0.05,4.408817635270541,10.02004008016032,732.5843671310557
100,25,6.5,0.05,4.408817635270541,10.02004008016032,732.5843671310557
150,35,8.0,0.05,4.408817635270541,10.02004008016032,732.5843671310557
150,25,5.5,0.005,25.0501002004008,59.71943887775551,732.9168959160804
100,25,7.0,0.02,4.008016032064128,10.02004008016032,738.8301251802202
400,30,8.0,0.02,27.25450901803607,58.51703406813627,739.7168686069532
350,40,7.4,0.005,25.0501002004008,59.91983967935872,742.4638455267246
400,25,8.0,0.03,27.25450901803607,58.71743486973948,748.7818924421989
400,40,6.5,0.03,27.25450901803607,58.71743486973948,748.7818924421989
100,35,6.5,0.02,4.008016032064128,9.819639278557114,749.2830952486137
100,30,7.0,0.01,3.607214428857715,9.819639278557114,755.8501371480438
100,40,6.0,0.05,4.208416833667334,9.619238476953909,756.6533467737075
150,37,8.0,0.05,4.208416833667334,9.619238476953909,756.6533467737075
300,35,6.0,0.03,27.25450901803607,58.91783567134269,757.9272372400111
250,35,5.5,0.03,27.25450901803607,58.91783567134269,757.9272372400111
200,35,5.5,0.01,26.65330661322645,59.3186372745491,758.4782390432166
500,35,7.4,0.05,26.65330661322645,59.3186372745491,758.4782390432166
400,25,7.0,0.05,26.65330661322645,59.3186372745491,758.4782390432166
100,40,6.5,0.01,3.607214428857715,9.619238476953909,766.3834281790032
100,25,8.0,0.01,3.607214428857715,9.619238476953909,766.3834281790032
300,30,7.4,0.005,25.250501002004004,60.32064128256513,767.0693691993201
150,40,7.4,0.05,4.208416833667334,9.4188376753507,767.2669587672339
450,37,8.0,0.02,27.454909819639276,59.11823647294589,773.307095152228
100,30,7.4,0.005,3.406813627254509,9.4188376753507,780.4010425660941
50,25,5.5,0.005,3.406813627254509,9.4188376753507,780.4010425660941
350,30,8.0,0.01,26.85370741482966,59.71943887775551,783.244404640945
100,25,7.0,0.03,3.8076152304609217,9.218436873747494,784.3672916976238
100,37,6.5,0.02,3.607214428857715,9.218436873747494,787.6909731286221
300,40,6.0,0.02,27.655310621242485,59.3186372745491,788.8475949895783
250,40,5.5,0.02,27.655310621242485,59.3186372745491,788.8475949895783
150,40,8.0,0.05,4.008016032064128,9.018036072144287,791.8981851478509
100,35,7.0,0.005,3.2064128256513023,9.218436873747494,794.5792988783179
100,35,6.5,0.03,3.8076152304609217,9.018036072144287,795.1415456162827
400,30,7.0,0.03,27.655310621242485,59.5190380761523,798.2339026750893
100,25,7.4,0.02,3.607214428857715,9.018036072144287,798.4652270472809
100,30,6.5,0.05,3.8076152304609217,8.817635270541082,805.9961204975081
350,37,8.0,0.005,25.651302605210418,60.921843687374746,807.4563555969653
100,30,7.0,0.02,3.406813627254509,8.817635270541082,812.723804322071
400,35,7.0,0.02,27.85571142284569,59.71943887775551,814.0153654001388
100,30,8.0,0.005,3.2064128256513023,8.817635270541082,816.2081276782021
50,25,5.5,0.01,3.2064128256513023,8.817635270541082,816.2081276782021
100,30,7.4,0.01,3.2064128256513023,8.817635270541082,816.2081276782021
250,37,6.0,0.01,27.054108216432866,60.32064128256513,818.1197665872826
300,35,6.5,0.01,27.054108216432866,60.32064128256513,818.1197665872826
100,37,6.5,0.03,3.607214428857715,8.617234468937875,820.2546977722982
500,40,7.4,0.03,27.85571142284569,59.91983967935872,823.562315010783
100,25,8.0,0.02,3.406813627254509,8.617234468937875,823.6587001658629
100,40,6.5,0.02,3.406813627254509,8.617234468937875,823.6587001658629
100,35,7.0,0.01,3.2064128256513023,8.617234468937875,827.143023521994
100,37,7.0,0.005,3.006012024048096,8.617234468937875,830.7076678406916
450,37,7.0,0.03,27.85571142284569,60.120240480961925,833.1895855839937
300,40,5.5,0.05,27.25450901803607,60.521042084168336,833.9815502748984
400,40,7.4,0.01,27.25450901803607,60.521042084168336,833.9815502748984
100,25,7.4,0.03,3.406813627254509,8.416833667334668,834.673916972221
100,30,8.0,0.01,3.006012024048096,8.416833667334668,841.7228846470497
350,25,6.5,0.05,27.25450901803607,60.72144288577154,843.8497837358079
350,35,7.0,0.01,27.454909819639276,60.72144288577154,850.0039758876467
100,35,7.4,0.005,2.8056112224448895,8.216432865731463,856.4633876972382
100,25,7.0,0.05,3.406813627254509,8.016032064128256,856.9453134726368
200,30,6.0,0.005,26.052104208416836,61.723446893787575,859.1573527817158
100,30,7.4,0.02,3.2064128256513023,8.016032064128256,860.4296368287679
100,25,8.0,0.03,3.2064128256513023,8.016032064128256,860.4296368287679
100,30,7.0,0.03,3.2064128256513023,8.016032064128256,860.4296368287679
100,40,6.5,0.03,3.2064128256513023,8.016032064128256,860.4296368287679
100,37,7.0,0.01,3.006012024048096,8.016032064128256,863.9942811474655
50,30,5.5,0.005,2.8056112224448895,8.016032064128256,867.6392464287294
100,35,6.5,0.05,3.406813627254509,7.8156312625250495,868.2014931666941
50,25,5.5,0.02,3.006012024048096,7.8156312625250495,875.2504608415228
100,40,7.0,0.005,2.8056112224448895,7.8156312625250495,878.8954261227867
100,37,6.5,0.05,3.2064128256513023,7.615230460921843,883.022317179449
200,25,5.5,0.02,28.2565130260521,60.921843687374746,885.3725085441422
350,30,6.5,0.03,28.2565130260521,60.921843687374746,885.3725085441422
100,35,7.0,0.02,3.006012024048096,7.615230460921843,886.5869614981466
100,30,8.0,0.02,3.006012024048096,7.615230460921843,886.5869614981466
100,37,7.4,0.005,2.8056112224448895,7.615230460921843,890.2319267794105
50,30,5.5,0.01,2.8056112224448895,7.615230460921843,890.2319267794105
100,35,7.4,0.01,2.8056112224448895,7.615230460921843,890.2319267794105
350,35,6.5,0.02,28.45691382765531,60.921843687374746,891.9283055088131
100,35,8.0,0.005,2.6052104208416833,7.615230460921843,893.9572130232409
100,25,7.4,0.05,3.2064128256513023,7.414829659318637,894.4391387986393
500,37,8.0,0.03,28.2565130260521,61.12224448897795,895.4013839301845
400,37,8.0,0.01,27.655310621242485,61.523046092184366,896.5146324713554
450,25,8.0,0.05,27.655310621242485,61.523046092184366,896.5146324713554
100,30,7.4,0.03,3.006012024048096,7.414829659318637,898.0037831173369
100,40,7.0,0.01,2.8056112224448895,7.414829659318637,901.6487483986008
450,40,6.5,0.05,27.655310621242485,61.723446893787575,906.7844707450973
100,30,7.0,0.05,3.006012024048096,7.21442885771543,909.5009256990937
50,25,5.5,0.03,3.006012024048096,7.21442885771543,909.5009256990937
300,25,7.0,0.01,27.85571142284569,61.723446893787575,913.0993048220689
100,37,7.0,0.02,2.8056112224448895,7.21442885771543,913.1458909803576
100,35,7.0,0.03,2.8056112224448895,7.21442885771543,913.1458909803576
100,35,8.0,0.01,2.6052104208416833,7.21442885771543,916.8711772241879
100,37,8.0,0.005,2.6052104208416833,7.21442885771543,916.8711772241879
100,37,7.4,0.01,2.6052104208416833,7.21442885771543,916.8711772241879
500,37,7.0,0.05,27.655310621242485,61.923847695390776,917.1346299814054
100,40,6.5,0.05,3.006012024048096,7.014028056112224,921.0783892434167
100,25,8.0,0.05,3.006012024048096,7.014028056112224,921.0783892434167
250,30,6.5,0.005,26.452905811623246,62.7254509018036,923.1362123043677
100,30,8.0,0.03,2.8056112224448895,7.014028056112224,924.7233545246806
100,35,7.4,0.02,2.6052104208416833,7.014028056112224,928.448640768511
400,30,7.4,0.02,28.657314629258515,61.523046092184366,928.8920124818774
100,40,7.4,0.005,2.404809619238477,7.014028056112224,932.2542479749077
450,30,8.0,0.03,28.45691382765531,61.723446893787575,932.5257328283822
400,25,7.4,0.03,28.45691382765531,61.723446893787575,932.5257328283822
100,37,7.0,0.03,2.8056112224448895,6.813627254509018,936.3811390315701
450,35,8.0,0.02,28.657314629258515,61.723446893787575,939.1618507556193
100,40,7.0,0.02,2.6052104208416833,6.813627254509018,940.1064252754004
50,30,5.5,0.02,2.6052104208416833,6.813627254509018,940.1064252754004
50,35,5.5,0.005,2.404809619238477,6.813627254509018,943.9120324817972
100,37,8.0,0.01,2.404809619238477,6.813627254509018,943.9120324817972
350,37,6.0,0.05,27.85571142284569,62.32464929859719,944.3907454186927
300,25,6.5,0.02,28.85771543086172,61.723446893787575,945.8782896454229
100,30,7.4,0.05,2.8056112224448895,6.613226452905812,948.1192445010261
100,35,8.0,0.02,2.6052104208416833,6.613226452905812,951.8445307448565
100,37,7.4,0.02,2.6052104208416833,6.613226452905812,951.8445307448565
50,35,5.5,0.01,2.404809619238477,6.613226452905812,955.6501379512531
100,40,8.0,0.005,2.404809619238477,6.613226452905812,955.6501379512531
100,40,7.4,0.01,2.404809619238477,6.613226452905812,955.6501379512531
50,25,6.0,0.005,2.404809619238477,6.613226452905812,955.6501379512531
450,37,7.4,0.02,28.85771543086172,61.923847695390776,956.2284488817311
50,25,5.5,0.05,2.8056112224448895,6.4128256513026045,959.9376709330485
450,30,7.0,0.05,28.056112224448896,62.525050100200396,961.3770225822383
100,35,7.0,0.05,2.6052104208416833,6.4128256513026045,963.6629571768788
100,35,7.4,0.03,2.6052104208416833,6.4128256513026045,963.6629571768788
50,30,5.5,0.03,2.6052104208416833,6.4128256513026045,963.6629571768788
350,30,7.4,0.01,28.2565130260521,62.525050100200396,967.8524985843426
50,25,6.0,0.01,2.2044088176352705,6.4128256513026045,971.3544925522388
50,37,5.5,0.005,2.2044088176352705,6.4128256513026045,971.3544925522388
100,30,8.0,0.05,2.6052104208416833,6.212424849699398,975.5617045714675
100,37,8.0,0.02,2.404809619238477,6.212424849699398,979.3673117778643
100,40,7.4,0.02,2.404809619238477,6.212424849699398,979.3673117778643
100,40,7.0,0.03,2.404809619238477,6.212424849699398,979.3673117778643
100,35,8.0,0.03,2.404809619238477,6.212424849699398,979.3673117778643
100,37,7.4,0.03,2.404809619238477,6.212424849699398,979.3673117778643
50,37,5.5,0.01,2.2044088176352705,6.212424849699398,983.2532399468275
100,40,8.0,0.01,2.2044088176352705,6.212424849699398,983.2532399468275
350,25,7.0,0.02,29.058116232464926,62.32464929859719,983.9664900944168
100,37,7.0,0.05,2.6052104208416833,6.012024048096192,987.5407729286228
50,35,5.5,0.02,2.2044088176352705,6.012024048096192,995.2323083039827
250,35,6.0,0.01,28.45691382765531,62.925851703406806,995.8315026847276
50,40,5.5,0.005,2.004008016032064,6.012024048096192,999.1985574355123
100,35,7.4,0.05,2.404809619238477,5.811623246492986,1003.4057694547412
350,35,8.0,0.005,27.054108216432866,63.92785571142284,1006.5912988301251
200,40,5.5,0.005,27.054108216432866,63.92785571142284,1006.5912988301251
50,25,6.0,0.02,2.2044088176352705,5.811623246492986,1007.2916976237044
100,40,8.0,0.02,2.2044088176352705,5.811623246492986,1007.2916976237044
100,37,8.0,0.03,2.2044088176352705,5.811623246492986,1007.2916976237044
100,40,7.0,0.05,2.404809619238477,5.611222444889779,1015.5454797370292
50,30,5.5,0.05,2.404809619238477,5.611222444889779,1015.5454797370292
450,35,7.0,0.03,29.058116232464926,62.925851703406806,1015.9808193541386
400,37,6.5,0.03,29.058116232464926,62.925851703406806,1015.9808193541386
100,40,7.4,0.03,2.2044088176352705,5.611222444889779,1019.4314079059924
50,35,5.5,0.03,2.2044088176352705,5.611222444889779,1019.4314079059924
50,37,5.5,0.02,2.2044088176352705,5.611222444889779,1019.4314079059924
100,37,7.4,0.05,2.2044088176352705,5.611222444889779,1019.4314079059924
50,40,5.5,0.01,2.004008016032064,5.611222444889779,1023.397657037522
50,30,6.0,0.005,2.004008016032064,5.611222444889779,1023.397657037522
350,37,7.4,0.005,27.054108216432866,64.32865731462925,1029.138999441769
100,35,8.0,0.05,2.2044088176352705,5.410821643286573,1031.6514391508467
100,40,8.0,0.03,2.2044088176352705,5.410821643286573,1031.6514391508467
50,25,6.0,0.03,2.2044088176352705,5.410821643286573,1031.6514391508467
50,30,6.0,0.01,2.004008016032064,5.410821643286573,1035.6176882823763
50,37,5.5,0.03,2.004008016032064,5.410821643286573,1035.6176882823763
500,30,8.0,0.05,28.45691382765531,63.727454909819635,1039.6417685069534
450,40,7.0,0.02,29.458917835671343,63.12625250501002,1040.6473869582856
100,37,8.0,0.05,2.2044088176352705,5.210420841683367,1043.9517913582677
100,40,7.4,0.05,2.2044088176352705,5.210420841683367,1043.9517913582677
50,40,5.5,0.02,2.004008016032064,5.210420841683367,1047.9180404897972
300,37,6.0,0.02,29.458917835671343,63.326653306613224,1051.5597929325584
250,37,5.5,0.02,29.458917835671343,63.326653306613224,1051.5597929325584
50,35,5.5,0.05,2.004008016032064,5.01002004008016,1060.2987136597844
50,40,5.5,0.03,2.004008016032064,5.01002004008016,1060.2987136597844
50,30,6.0,0.02,1.8036072144288575,5.01002004008016,1064.3452837538805
50,37,5.5,0.05,2.004008016032064,4.809619238476954,1072.759707792338
100,40,8.0,0.05,2.004008016032064,4.809619238476954,1072.759707792338
50,25,6.0,0.05,2.004008016032064,4.809619238476954,1072.759707792338
300,25,8.0,0.005,27.454909819639276,64.92985971943888,1075.7910209195948
50,30,6.0,0.03,1.8036072144288575,4.809619238476954,1076.8062778864341
50,35,6.0,0.005,1.6032064128256511,4.809619238476954,1080.9331689430965
500,35,8.0,0.03,29.458917835671343,63.92785571142284,1084.7789366307766
300,40,6.5,0.005,27.454909819639276,65.13026052104208,1087.4263155569652
50,35,6.0,0.01,1.6032064128256511,4.609218436873747,1093.4744840382168
50,37,6.0,0.005,1.6032064128256511,4.609218436873747,1093.4744840382168
400,35,8.0,0.01,29.058116232464926,64.32865731462925,1093.4921546499809
50,40,5.5,0.05,1.8036072144288575,4.408817635270541,1101.9692290392409
500,37,7.4,0.03,29.65931863727455,64.12825651302605,1103.0503491953843
50,25,6.5,0.005,1.6032064128256511,4.408817635270541,1106.0961200959032
50,35,6.0,0.02,1.6032064128256511,4.408817635270541,1106.0961200959032
50,37,6.0,0.01,1.6032064128256511,4.408817635270541,1106.0961200959032
500,40,8.0,0.02,29.859719438877754,64.12825651302605,1110.16839289802
400,37,7.4,0.01,29.258517034068134,64.52905811623246,1111.7635672145893
50,30,6.0,0.05,1.8036072144288575,4.208416833667334,1114.6711860594937
50,37,6.0,0.02,1.6032064128256511,4.208416833667334,1118.798077116156
50,25,6.5,0.01,1.6032064128256511,4.208416833667334,1118.798077116156
50,35,6.0,0.03,1.6032064128256511,4.208416833667334,1118.798077116156
450,25,7.4,0.05,28.85771543086172,64.92985971943888,1121.1193529343257
50,40,6.0,0.005,1.4028056112224447,4.208416833667334,1123.0052891353848
350,40,7.0,0.005,27.85571142284569,65.53106212424849,1123.4872149107832
50,40,6.0,0.01,1.4028056112224447,4.008016032064128,1135.7875671182044
50,37,6.0,0.03,1.4028056112224447,4.008016032064128,1135.7875671182044
50,25,6.5,0.02,1.4028056112224447,4.008016032064128,1135.7875671182044
500,35,7.0,0.05,29.058116232464926,65.13026052104208,1139.551407424066
300,37,5.5,0.05,29.058116232464926,65.13026052104208,1139.551407424066
250,25,6.0,0.02,30.060120240480963,64.52905811623246,1140.0751000999994
450,30,7.4,0.03,29.859719438877754,64.72945891783567,1144.3513881470355
50,35,6.0,0.05,1.6032064128256511,3.8076152304609217,1144.4429540443612
50,40,6.0,0.02,1.4028056112224447,3.8076152304609217,1148.65016606359
50,25,6.5,0.03,1.4028056112224447,3.8076152304609217,1148.65016606359
50,30,6.5,0.005,1.4028056112224447,3.8076152304609217,1148.65016606359
450,35,7.4,0.02,30.060120240480963,64.72945891783567,1151.5497528122378
300,30,7.0,0.005,28.056112224448896,65.9318637274549,1153.7152059630275
50,37,6.0,0.05,1.4028056112224447,3.607214428857715,1161.5930859715422
50,40,6.0,0.03,1.4028056112224447,3.607214428857715,1161.5930859715422
50,30,6.5,0.01,1.2024048096192386,3.607214428857715,1165.8806189533375
350,35,6.0,0.05,29.258517034068134,65.53106212424849,1169.9400404014439
50,25,6.5,0.05,1.4028056112224447,3.406813627254509,1174.616326842061
50,40,6.0,0.05,1.4028056112224447,3.406813627254509,1174.616326842061
50,30,6.5,0.02,1.2024048096192386,3.406813627254509,1178.9038598238562
50,25,7.0,0.005,1.2024048096192386,3.406813627254509,1178.9038598238562
400,30,6.5,0.05,29.258517034068134,65.7314629258517,1181.8162979265142
50,25,7.0,0.01,1.2024048096192386,3.2064128256513023,1192.0074216569415
50,30,6.5,0.03,1.2024048096192386,3.2064128256513023,1192.0074216569415
50,35,6.5,0.005,1.2024048096192386,3.2064128256513023,1192.0074216569415
50,35,6.5,0.01,1.2024048096192386,3.2064128256513023,1192.0074216569415
400,40,7.0,0.01,29.859719438877754,65.7314629258517,1202.929466146722
50,25,7.0,0.02,1.2024048096192386,3.006012024048096,1205.1913044525925
50,30,6.5,0.05,1.2024048096192386,3.006012024048096,1205.1913044525925
500,40,7.0,0.03,30.260521042084168,65.53106212424849,1205.5302589146227
50,37,6.5,0.01,1.002004008016032,3.006012024048096,1209.5591583969542
50,25,7.0,0.03,1.002004008016032,3.006012024048096,1209.5591583969542
50,25,7.4,0.005,1.002004008016032,3.006012024048096,1209.5591583969542
50,35,6.5,0.02,1.002004008016032,3.006012024048096,1209.5591583969542
50,37,6.5,0.005,1.002004008016032,3.006012024048096,1209.5591583969542
50,25,8.0,0.01,1.002004008016032,2.8056112224448895,1222.8233621551724
50,37,6.5,0.03,1.002004008016032,2.8056112224448895,1222.8233621551724
50,40,6.5,0.005,1.002004008016032,2.8056112224448895,1222.8233621551724
50,25,8.0,0.005,1.002004008016032,2.8056112224448895,1222.8233621551724
50,25,7.4,0.01,1.002004008016032,2.8056112224448895,1222.8233621551724
50,35,6.5,0.03,1.002004008016032,2.8056112224448895,1222.8233621551724
50,40,6.5,0.01,1.002004008016032,2.8056112224448895,1222.8233621551724
50,37,6.5,0.02,1.002004008016032,2.8056112224448895,1222.8233621551724
50,25,7.4,0.02,1.002004008016032,2.8056112224448895,1222.8233621551724
50,30,7.0,0.01,1.002004008016032,2.8056112224448895,1222.8233621551724
50,30,7.0,0.005,1.002004008016032,2.8056112224448895,1222.8233621551724
50,25,7.0,0.05,1.002004008016032,2.8056112224448895,1222.8233621551724
400,35,6.5,0.03,30.460921843687373,65.7314629258517,1224.765523030028
450,37,6.5,0.05,29.458917835671343,66.33266533066133,1224.8843980546267
50,30,7.0,0.02,1.002004008016032,2.6052104208416833,1236.1678868759561
50,25,7.4,0.03,1.002004008016032,2.6052104208416833,1236.1678868759561
50,25,8.0,0.02,1.002004008016032,2.6052104208416833,1236.1678868759561
50,40,6.5,0.02,1.002004008016032,2.6052104208416833,1236.1678868759561
50,35,6.5,0.05,1.002004008016032,2.6052104208416833,1236.1678868759561
50,30,7.0,0.03,1.002004008016032,2.6052104208416833,1236.1678868759561
50,37,6.5,0.05,1.002004008016032,2.6052104208416833,1236.1678868759561
350,40,6.0,0.03,30.460921843687373,65.9318637274549,1236.7221015176638
50,30,7.4,0.005,0.8016032064128256,2.6052104208416833,1240.6160617828841
300,25,6.0,0.05,29.65931863727455,66.53306613226452,1244.119662170031
250,25,5.5,0.05,29.65931863727455,66.53306613226452,1244.119662170031
400,40,6.5,0.02,30.66132264529058,65.9318637274549,1244.1614290705652
400,25,8.0,0.02,30.66132264529058,65.9318637274549,1244.1614290705652
50,40,6.5,0.03,1.002004008016032,2.404809619238477,1249.592732559307
50,30,7.0,0.05,1.002004008016032,2.404809619238477,1249.592732559307
50,25,8.0,0.03,1.002004008016032,2.404809619238477,1249.592732559307
50,25,7.4,0.05,1.002004008016032,2.404809619238477,1249.592732559307
50,30,8.0,0.005,0.8016032064128256,2.404809619238477,1254.040907466235
50,30,8.0,0.01,0.8016032064128256,2.404809619238477,1254.040907466235
50,30,7.4,0.01,0.8016032064128256,2.404809619238477,1254.040907466235
50,40,6.5,0.05,0.8016032064128256,2.404809619238477,1254.040907466235
50,30,7.4,0.02,0.8016032064128256,2.404809619238477,1254.040907466235
50,35,7.0,0.005,0.8016032064128256,2.404809619238477,1254.040907466235
50,25,8.0,0.05,0.8016032064128256,2.404809619238477,1254.040907466235
50,35,7.0,0.01,0.8016032064128256,2.404809619238477,1254.040907466235
200,30,5.5,0.01,30.060120240480963,66.53306613226452,1258.436070537869
350,35,7.4,0.005,28.657314629258515,67.33466933867734,1259.3276332223559
250,35,5.5,0.02,30.861723446893787,66.13226452905812,1263.7179770362368
50,30,7.4,0.05,0.8016032064128256,2.2044088176352705,1267.5460741121524
50,30,8.0,0.03,0.8016032064128256,2.2044088176352705,1267.5460741121524
50,30,7.4,0.03,0.8016032064128256,2.2044088176352705,1267.5460741121524
50,35,7.4,0.005,0.8016032064128256,2.2044088176352705,1267.5460741121524
50,37,7.0,0.02,0.8016032064128256,2.2044088176352705,1267.5460741121524
50,37,7.0,0.01,0.8016032064128256,2.2044088176352705,1267.5460741121524
50,35,7.0,0.02,0.8016032064128256,2.2044088176352705,1267.5460741121524
50,35,7.0,0.03,0.8016032064128256,2.2044088176352705,1267.5460741121524
50,30,8.0,0.02,0.8016032064128256,2.2044088176352705,1267.5460741121524
50,37,7.0,0.005,0.8016032064128256,2.2044088176352705,1267.5460741121524
50,35,7.4,0.01,0.8016032064128256,2.2044088176352705,1267.5460741121524
300,30,6.0,0.03,30.66132264529058,66.33266533066133,1268.3155489335386
250,30,5.5,0.03,30.66132264529058,66.33266533066133,1268.3155489335386
300,35,6.0,0.02,30.861723446893787,66.33266533066133,1275.8351974490065
50,30,8.0,0.05,0.8016032064128256,2.004008016032064,1281.1315617206355
50,35,7.0,0.05,0.8016032064128256,2.004008016032064,1281.1315617206355
50,35,7.4,0.03,0.8016032064128256,2.004008016032064,1281.1315617206355
50,37,7.0,0.03,0.8016032064128256,2.004008016032064,1281.1315617206355
50,40,7.0,0.01,0.8016032064128256,2.004008016032064,1281.1315617206355
50,40,7.0,0.005,0.8016032064128256,2.004008016032064,1281.1315617206355
50,35,7.4,0.02,0.8016032064128256,2.004008016032064,1281.1315617206355
50,37,7.0,0.05,0.8016032064128256,2.004008016032064,1281.1315617206355
50,37,8.0,0.005,0.6012024048096193,2.004008016032064,1285.66005759013
50,35,8.0,0.005,0.6012024048096193,2.004008016032064,1285.66005759013
50,35,8.0,0.02,0.6012024048096193,2.004008016032064,1285.66005759013
50,40,7.0,0.02,0.6012024048096193,2.004008016032064,1285.66005759013
50,37,7.4,0.02,0.6012024048096193,2.004008016032064,1285.66005759013
50,37,7.4,0.01,0.6012024048096193,2.004008016032064,1285.66005759013
50,37,7.4,0.005,0.6012024048096193,2.004008016032064,1285.66005759013
50,35,8.0,0.01,0.6012024048096193,2.004008016032064,1285.66005759013
50,40,7.0,0.03,0.6012024048096193,2.004008016032064,1285.66005759013
50,37,7.4,0.03,0.6012024048096193,1.8036072144288575,1299.32586616118
50,37,7.4,0.05,0.6012024048096193,1.8036072144288575,1299.32586616118
50,37,8.0,0.01,0.6012024048096193,1.8036072144288575,1299.32586616118
50,37,8.0,0.02,0.6012024048096193,1.8036072144288575,1299.32586616118
50,37,8.0,0.03,0.6012024048096193,1.8036072144288575,1299.32586616118
50,40,7.4,0.02,0.6012024048096193,1.8036072144288575,1299.32586616118
50,40,7.0,0.05,0.6012024048096193,1.8036072144288575,1299.32586616118
50,40,7.4,0.005,0.6012024048096193,1.8036072144288575,1299.32586616118
50,40,8.0,0.005,0.6012024048096193,1.8036072144288575,1299.32586616118
50,40,8.0,0.01,0.6012024048096193,1.8036072144288575,1299.32586616118
50,35,7.4,0.05,0.6012024048096193,1.8036072144288575,1299.32586616118
50,40,7.4,0.03,0.6012024048096193,1.8036072144288575,1299.32586616118
50,40,7.4,0.01,0.6012024048096193,1.8036072144288575,1299.32586616118
50,35,8.0,0.05,0.6012024048096193,1.8036072144288575,1299.32586616118
50,35,8.0,0.03,0.6012024048096193,1.8036072144288575,1299.32586616118
500,30,7.4,0.05,29.859719438877754,67.33466933867734,1300.831080999674
350,40,6.5,0.01,30.460921843687373,67.13426853707415,1310.148312657379
350,25,8.0,0.01,30.460921843687373,67.13426853707415,1310.148312657379
50,40,8.0,0.05,0.6012024048096193,1.6032064128256511,1313.0719956947964
50,40,8.0,0.02,0.6012024048096193,1.6032064128256511,1313.0719956947964
50,40,7.4,0.05,0.6012024048096193,1.6032064128256511,1313.0719956947964
50,37,8.0,0.05,0.6012024048096193,1.6032064128256511,1313.0719956947964
50,40,8.0,0.03,0.6012024048096193,1.6032064128256511,1313.0719956947964
250,40,6.0,0.005,28.85771543086172,68.13627254509018,1316.92258264023
400,30,7.0,0.02,31.062124248496993,66.93386773547094,1320.268753940747
500,35,7.4,0.03,31.062124248496993,67.13426853707415,1332.7072582037824
300,25,7.4,0.005,29.058116232464926,68.33667334669339,1336.639772531034
300,30,6.5,0.01,30.66132264529058,67.53507014028055,1342.7056116240492
400,35,7.4,0.01,30.66132264529058,67.53507014028055,1342.7056116240492
400,25,7.0,0.03,31.062124248496993,67.33466933867734,1345.2260834293832
500,40,7.4,0.02,31.262525050100198,67.33466933867734,1352.9063738699838
200,37,5.5,0.005,29.258517034068134,68.53707414829658,1356.5176043469698
450,37,7.0,0.02,31.462925851703403,67.53507014028055,1373.2661314613188
450,40,8.0,0.01,30.861723446893787,67.93587174348697,1375.6645154035523
350,30,7.0,0.01,30.861723446893787,68.13627254509018,1388.5046244794196
300,35,5.5,0.05,30.260521042084168,68.53707414829658,1392.1078228601486
400,40,8.0,0.005,29.65931863727455,69.53907815631263,1436.721298308039
350,30,6.5,0.02,31.863727454909817,68.33667334669339,1440.2281115336887
300,40,5.5,0.03,31.663326653306612,68.53707414829658,1445.307609206388
300,37,6.5,0.005,29.65931863727455,69.73947895791584,1450.2039750844376
500,37,8.0,0.02,31.863727454909817,68.53707414829658,1453.228862534688
350,25,6.5,0.03,31.663326653306612,68.73747494989979,1458.3886811699545
200,25,6.0,0.005,29.859719438877754,69.93987975951903,1470.8850165260374
450,35,6.5,0.05,30.861723446893787,69.73947895791584,1494.1170517387482
350,37,7.0,0.005,30.060120240480963,70.34068136272545,1505.450339556869
450,30,8.0,0.02,32.26452905811623,69.13827655310621,1508.7965108573858
400,25,7.4,0.02,32.26452905811623,69.13827655310621,1508.7965108573858
450,25,8.0,0.03,32.06412825651302,69.53907815631263,1527.4390062690509
450,40,6.5,0.03,32.06412825651302,69.73947895791584,1540.9216830454498
250,25,6.5,0.005,30.260521042084168,71.14228456913827,1568.4267934666923
400,37,7.0,0.01,31.863727454909817,70.34068136272545,1573.850064859177
500,37,7.0,0.03,32.26452905811623,70.14028056112224,1576.2098947393783
350,25,7.4,0.01,32.06412825651302,70.34068136272545,1581.8516391500434
250,30,6.0,0.01,32.06412825651302,70.54108216432866,1595.6555997767077
350,37,6.0,0.03,32.46492985971944,70.54108216432866,1611.8997112461398
450,25,7.0,0.05,31.462925851703403,71.34268537074148,1627.9108919241285
450,35,7.0,0.02,32.86573146292585,70.54108216432866,1628.465106565837
400,37,6.5,0.02,32.86573146292585,70.54108216432866,1628.465106565837
450,30,7.0,0.03,32.66533066132264,70.74148296593187,1634.0265300139356
200,35,5.5,0.005,30.66132264529058,71.94388777555109,1640.2080312930461
400,40,6.0,0.05,31.663326653306612,71.54308617234469,1649.957389729358
350,30,8.0,0.005,30.861723446893787,72.1442885771543,1662.1742081357095
450,40,7.4,0.01,32.46492985971944,71.34268537074148,1667.91876337846
350,37,6.5,0.01,32.66533066132264,71.7434869739479,1704.6527523985847
500,35,8.0,0.02,33.26653306613226,71.54308617234469,1715.5764033076168
400,30,8.0,0.01,32.86573146292585,71.94388777555109,1727.341817904345
500,30,8.0,0.03,33.06613226452906,71.94388777555109,1735.7449970080434
250,37,6.0,0.005,31.262525050100198,72.94589178356712,1736.04379098879
300,35,6.5,0.005,31.262525050100198,73.14629258517034,1750.8919241288188
500,37,7.4,0.02,33.46693386773547,71.94388777555109,1752.7923181031392
500,25,8.0,0.05,32.06412825651302,72.74549098196393,1752.8003501993967
400,40,7.4,0.005,31.462925851703403,73.14629258517034,1758.652535531986
500,40,6.5,0.05,32.06412825651302,72.94589178356712,1767.568162376857
450,37,8.0,0.01,33.06613226452906,72.54509018036072,1779.3255448773293
350,35,7.0,0.005,31.663326653306612,73.74749498997996,1811.5197930932
450,30,7.4,0.02,33.86773547094188,72.54509018036072,1813.741470917787
250,40,5.5,0.01,33.26653306613226,72.94589178356712,1817.2643483359493
300,40,6.0,0.01,33.26653306613226,72.94589178356712,1817.2643483359493
400,35,7.0,0.01,33.46693386773547,73.34669338677355,1855.6047566074035
500,30,7.0,0.05,32.46492985971944,73.94789579158316,1858.8561491720916
500,35,7.0,0.03,33.66733466933867,73.34669338677355,1864.2488985988011
450,25,7.4,0.03,33.66733466933867,73.34669338677355,1864.2488985988011
300,37,5.5,0.03,33.66733466933867,73.54709418837675,1879.2576736639603
500,40,7.0,0.02,34.06813627254509,73.34669338677355,1881.7781454692959
400,37,8.0,0.005,32.06412825651302,74.54909819639278,1888.602214448937
300,25,7.0,0.005,32.06412825651302,74.749498997996,1904.0929152894973
350,30,6.0,0.05,32.66533066132264,74.54909819639278,1913.0888630969346
350,35,6.0,0.03,33.86773547094188,73.94789579158316,1918.240649635945
350,40,6.0,0.02,34.26853707414829,73.74749498997996,1920.7611214412789
400,35,6.5,0.02,34.26853707414829,73.74749498997996,1920.7611214412789
400,30,6.5,0.03,34.06813627254509,74.14829659318637,1942.2951715053355
250,30,5.5,0.02,34.4689378757515,74.14829659318637,1960.1457022260954
400,25,6.5,0.05,32.86573146292585,75.1503006012024,1968.124786647443
300,30,6.0,0.02,34.4689378757515,74.34869739478957,1975.4757611415205
450,37,6.5,0.03,34.26853707414829,74.749498997996,1997.41141601841
200,25,5.5,0.01,34.26853707414829,74.749498997996,1997.41141601841
350,35,6.5,0.01,34.26853707414829,74.9498997995992,2012.9824378215344
250,25,5.5,0.03,34.4689378757515,74.9498997995992,2021.9478636631977
300,25,6.0,0.03,34.4689378757515,74.9498997995992,2021.9478636631977
350,30,7.4,0.005,32.66533066132264,75.95190380761522,2023.2105091947415
250,35,6.0,0.005,32.86573146292585,76.35270541082164,2063.719583455488
500,35,7.4,0.02,35.07014028056112,75.1503006012024,2064.977409729278
400,30,7.4,0.01,34.4689378757515,75.55110220440882,2069.1428548479726
400,25,7.0,0.02,35.07014028056112,75.3507014028056,2080.709073457535
500,30,7.4,0.03,34.66933867735471,75.75150300601202,2094.0809073055925
450,35,8.0,0.01,34.66933867735471,75.95190380761522,2110.05353392155
300,25,6.5,0.01,34.66933867735471,75.95190380761522,2110.05353392155
500,25,7.4,0.05,33.66733466933867,76.75350701402805,2130.3217256155585
450,37,7.4,0.01,34.86973947895792,76.15230460921842,2135.232549266869
400,37,6.0,0.05,33.86773547094188,77.15430861723446,2171.8749723896685
350,25,7.0,0.01,35.07014028056112,76.55310621242485,2176.7857960409797
350,40,5.5,0.05,33.86773547094188,77.35470941883767,2188.4098457435907
300,35,5.5,0.03,35.27054108216433,76.95390781563127,2218.7406476279216
300,40,5.5,0.02,35.67134268537074,76.75350701402805,2221.180798470688
400,35,8.0,0.005,33.66733466933867,77.9559118236473,2229.7719286267925
350,25,6.5,0.02,35.87174348697395,76.95390781563127,2247.082702479107
300,30,5.5,0.05,34.06813627254509,77.9559118236473,2247.301175497287
400,37,7.4,0.005,33.86773547094188,78.3567134268537,2272.2890269516984
450,40,7.0,0.01,35.47094188376754,77.75551102204409,2294.407813623239
250,37,5.5,0.01,35.67134268537074,77.75551102204409,2303.8551652403003
500,37,6.5,0.05,34.26853707414829,78.55711422845691,2306.9957148766466
300,37,6.0,0.01,35.67134268537074,77.9559118236473,2320.631001481922
450,25,8.0,0.02,36.27254509018036,77.75551102204409,2332.679145866884
450,40,6.5,0.02,36.27254509018036,77.9559118236473,2349.4549821085056
450,35,6.5,0.03,35.87174348697395,78.3567134268537,2363.9513094324916
500,37,7.0,0.02,36.47294589178356,78.3567134268537,2393.0162529467743
450,30,6.5,0.05,34.66933867735471,79.35871743486975,2393.8772936654877
500,40,8.0,0.01,36.07214428857715,78.95791583166331,2424.8506632503468
400,40,7.0,0.005,34.66933867735471,79.95991983967934,2446.373468379644
350,37,6.0,0.02,36.673346693386776,78.95791583166331,2454.15656965233
250,25,6.0,0.01,36.27254509018036,79.35871743486975,2469.1348227517165
450,30,7.0,0.02,36.673346693386776,79.15831663326652,2471.41433166935
450,35,7.4,0.01,36.47294589178356,79.55911823647294,2496.3218621611954
200,30,5.5,0.005,35.07014028056112,80.96192384769539,2553.8059686507277
450,25,7.0,0.03,36.673346693386776,80.16032064128257,2558.9079561929475
400,40,6.0,0.03,36.673346693386776,80.36072144288576,2576.647643985365
400,35,6.0,0.05,35.27054108216433,81.36272545090179,2599.294942590591
500,30,8.0,0.02,37.27454909819639,80.36072144288576,2606.6764390504445
350,25,8.0,0.005,35.27054108216433,81.56312625250501,2617.5165561584095
350,40,6.5,0.005,35.47094188376754,81.76352705410821,2645.1855213432873
400,25,8.0,0.01,37.07414829659319,80.96192384769539,2650.287508885506
400,40,6.5,0.01,37.27454909819639,81.1623246492986,2678.4383998457834
400,35,7.4,0.005,35.67134268537074,82.16432865731461,2691.4777049088143
300,35,6.0,0.01,37.27454909819639,81.36272545090179,2696.579692451033
250,35,5.5,0.01,37.27454909819639,81.36272545090179,2696.579692451033
500,25,8.0,0.03,37.07414829659319,81.56312625250501,2704.7113867012586
300,30,6.5,0.005,35.67134268537074,82.36472945891784,2710.0206023268984
500,40,6.5,0.03,37.27454909819639,81.56312625250501,2714.8013060188514
500,35,6.5,0.05,35.87174348697395,82.76553106212424,2756.8750326303903
450,40,8.0,0.005,35.87174348697395,82.76553106212424,2756.8750326303903
450,25,7.4,0.02,38.07615230460921,81.76352705410821,2774.2661274452703
350,30,7.0,0.005,36.07214428857715,82.96593186372746,2785.266886478368
400,30,7.0,0.01,37.6753507014028,82.16432865731461,2790.3688740205844
500,35,7.0,0.02,38.07615230460921,81.96392785571142,2792.64838293822
300,37,5.5,0.02,38.07615230460921,81.96392785571142,2792.64838293822
500,30,7.0,0.03,37.6753507014028,82.76553106212424,2846.2385291625324
350,37,5.5,0.05,36.27254509018036,83.56713426853706,2851.7887076758716
350,35,6.0,0.02,38.276553106212425,82.56513026052104,2858.7685993228943
500,40,7.4,0.01,38.07615230460921,82.76553106212424,2866.9806145356833
450,37,7.0,0.01,38.07615230460921,82.96593186372746,2885.764474841467
400,30,6.5,0.02,38.476953907815634,82.76553106212424,2888.0439837591007
350,30,6.0,0.03,38.07615230460921,83.36673346693387,2923.5731583407287
450,37,6.5,0.02,38.677354709418836,83.36673346693387,2955.2886936197037
300,25,6.0,0.02,38.877755511022045,83.56713426853706,2985.0460038313086
250,25,5.5,0.02,38.877755511022045,83.56713426853706,2985.0460038313086
500,25,7.0,0.05,36.673346693386776,84.76953907815631,2987.241978947876
400,25,6.5,0.03,38.276553106212425,83.96793587174349,2991.380114939298
350,30,6.5,0.01,38.677354709418836,83.96793587174349,3012.6041260878474
500,37,8.0,0.01,38.677354709418836,84.16833667334669,3031.869912169027
350,25,6.0,0.05,36.87374749498998,85.37074148296593,3056.173429022373
500,30,7.4,0.02,39.278557114228455,84.3687374749499,3083.6544431548464
400,37,7.0,0.005,37.27454909819639,85.57114228456913,3096.100979514138
350,25,7.4,0.005,37.4749498997996,85.77154308617234,3126.1795735760093
450,30,8.0,0.01,39.07815631262525,84.96993987975951,3131.2815611182273
400,25,7.4,0.01,39.07815631262525,84.96993987975951,3131.2815611182273
250,30,6.0,0.005,37.4749498997996,85.97194388777554,3146.1682483202862
500,25,7.4,0.03,39.07815631262525,85.77154308617234,3210.4330504696763
450,40,6.0,0.05,37.4749498997996,86.77354709418836,3226.9261569230625
400,37,6.0,0.03,39.07815631262525,86.17234468937876,3250.4907209207995
300,35,5.5,0.02,39.879759519038075,85.77154308617234,3254.487492018104
450,40,7.4,0.005,37.87575150300601,86.97394789579158,3267.897879928193
350,40,5.5,0.03,39.278557114228455,86.37274549098196,3281.533166533467
450,35,7.0,0.01,39.879759519038075,86.57314629258516,3334.924116770615
400,37,6.5,0.01,39.879759519038075,86.57314629258516,3334.924116770615
350,37,6.5,0.005,38.276553106212425,87.57515030060121,3350.4533716732067
300,30,5.5,0.03,39.47895791583166,86.97394789579158,3353.4364922229224
350,35,5.5,0.05,37.87575150300601,87.97595190380761,3371.0540921522397
400,30,8.0,0.005,38.276553106212425,87.7755511022044,3371.1649350805815
500,37,6.5,0.03,39.67935871743487,87.57515030060121,3426.1430275380426
450,35,6.5,0.02,40.480961923847694,87.17434869739479,3429.9791567102143
450,37,8.0,0.005,38.677354709418836,88.57715430861722,3476.0384094842984
500,35,8.0,0.01,40.480961923847694,87.97595190380761,3512.6647684145846
300,40,6.0,0.005,38.877755511022045,88.97795591182364,3529.0775539054052
250,40,5.5,0.005,38.877755511022045,88.97795591182364,3529.0775539054052
300,25,5.5,0.05,38.476953907815634,89.37875751503006,3550.3208420849714
450,30,6.5,0.03,40.08016032064128,88.57715430861722,3552.852558825064
500,37,7.4,0.01,40.681362725450896,88.37675350701403,3565.9448757233904
400,35,7.0,0.005,39.278557114228455,89.57915831663325,3614.8458841530746
450,30,7.4,0.01,41.082164328657306,89.17835671342685,3673.709904779498
450,25,7.0,0.02,41.28256513026052,89.17835671342685,3685.40624334842
400,40,6.0,0.02,41.48296593186373,89.37875751503006,3718.5370339878154
450,25,6.5,0.05,39.07815631262525,90.9819639278557,3756.242906654992
500,40,7.0,0.01,41.48296593186373,89.97995991983967,3783.081353086935
400,35,6.0,0.03,40.881763527054105,90.38076152304609,3791.4234882590827
400,35,6.5,0.01,41.68336673346693,90.38076152304609,3838.3694844599013
200,25,5.5,0.005,40.08016032064128,91.38276553106212,3855.7461215015196
500,25,8.0,0.02,41.88376753507014,90.5811623246493,3872.142842799828
350,40,6.0,0.01,41.88376753507014,90.5811623246493,3872.142842799828
350,35,6.5,0.005,40.08016032064128,91.58316633266533,3877.983783197658
500,40,6.5,0.02,42.08416833667334,90.78156312625251,3906.0768430648873
250,30,5.5,0.01,42.08416833667334,90.9819639278557,3928.0735418733248
300,30,6.0,0.01,42.08416833667334,91.18236472945891,3950.15056164433
400,30,7.4,0.005,40.480961923847694,92.38476953907815,3990.4074280826176
400,30,6.0,0.05,39.67935871743487,92.78557114228455,3990.747988963898
500,35,6.5,0.03,41.48296593186373,91.98396793587173,4003.449945984152
450,35,8.0,0.005,40.681362725450896,92.78557114228455,4047.221657744344
300,25,6.5,0.005,40.681362725450896,92.78557114228455,4047.221657744344
500,30,7.0,0.02,42.68537074148296,91.98396793587173,4075.796643386973
450,37,7.4,0.005,40.881763527054105,93.18637274549097,4104.437492218905
350,37,5.5,0.03,41.88376753507014,92.78557114228455,4117.640652045573
400,25,7.0,0.01,42.68537074148296,92.38476953907815,4120.834213517214
500,35,7.4,0.01,42.68537074148296,92.38476953907815,4120.834213517214
450,37,6.0,0.05,40.08016032064128,93.7875751503006,4127.899245384556
350,30,6.0,0.02,42.88577154308617,92.58517034068136,4155.812386295637
350,25,7.0,0.005,41.082164328657306,93.5871743486974,4162.0549315063
500,30,6.5,0.05,40.280561122244485,94.58917835671342,4232.481957903782
400,25,6.5,0.02,43.08617234468938,93.18637274549097,4236.631338829963
500,25,7.0,0.03,42.484969939879754,93.9879759519038,4291.938747233946
450,40,7.0,0.005,41.68336673346693,94.98997995991984,4360.919996305235
300,40,5.5,0.01,43.48697394789579,94.188376753507,4377.316717603542
300,37,6.0,0.005,41.88376753507014,95.19038076152304,4396.540736784189
250,37,5.5,0.005,41.88376753507014,95.19038076152304,4396.540736784189
350,25,6.0,0.03,42.68537074148296,94.78957915831663,4397.806595154236
350,25,6.5,0.01,43.68737474949899,94.38877755511022,4413.33906289533
400,40,5.5,0.05,41.082164328657306,96.59318637274548,4517.306516841296
500,25,7.4,0.02,44.0881763527054,95.19038076152304,4533.152236336399
500,40,8.0,0.005,42.484969939879754,96.39278557114228,4576.621941277344
450,25,8.0,0.01,44.0881763527054,95.59118236472945,4580.760077268765
450,40,6.5,0.01,44.28857715430861,95.59118236472945,4593.661230276182
400,37,6.0,0.02,44.28857715430861,95.59118236472945,4593.661230276182
450,40,6.0,0.03,43.28657314629258,96.19238476953907,4601.972843482556
350,40,5.5,0.02,44.28857715430861,95.79158316633266,4617.585632186215
500,37,7.0,0.01,44.48897795591182,95.99198396793587,4654.571829028799
250,25,6.0,0.005,42.68537074148296,96.9939879759519,4661.858546752823
300,30,5.5,0.02,44.68937875751503,96.39278557114228,4715.8840325942465
450,35,7.4,0.005,43.08617234468938,97.3947895791583,4735.670298512855
350,37,6.0,0.01,44.68937875751503,96.7935871743487,4764.45572507741
350,35,5.5,0.03,43.8877755511022,97.3947895791583,4786.150417066596
450,30,7.0,0.01,44.88977955911823,96.9939879759519,4802.004168657955
500,37,6.5,0.02,44.88977955911823,97.1943887775551,4826.490817305954
450,35,6.0,0.05,42.08416833667334,98.79759519038075,4848.59514620423
450,30,6.5,0.02,45.29058116232465,97.99599198396793,4951.7658162015405
400,25,8.0,0.005,43.68737474949899,98.99799599198397,4972.837217521214
300,25,5.5,0.03,44.48897795591182,98.79759519038075,4999.071650314656
400,40,6.5,0.005,43.8877755511022,99.19839679358716,5010.86758687716
350,30,5.5,0.05,42.68537074148296,100.0,5037.591977542259
500,30,8.0,0.01,45.49098196392785,98.59719438877755,5040.054618254544
300,35,6.0,0.005,44.0881763527054,99.59919839679358,5074.5090983570335
250,35,5.5,0.005,44.0881763527054,99.59919839679358,5074.5090983570335
500,40,6.0,0.05,43.68737474949899,100.0,5100.089718515186
400,37,5.5,0.05,44.0881763527054,100.0,5125.651061642322
400,30,7.0,0.005,44.48897795591182,100.0,5151.533688619724
400,25,6.0,0.05,44.88977955911823,100.0,5177.737599447391
500,40,7.4,0.005,44.88977955911823,100.0,5177.737599447391
450,37,7.0,0.005,44.88977955911823,100.0,5177.737599447391
450,25,6.5,0.03,45.09018036072144,100.0,5190.960036305075
350,30,6.5,0.005,45.69138276553106,100.0,5231.1092726535235
500,37,8.0,0.005,45.69138276553106,100.0,5231.1092726535235
500,25,6.5,0.05,45.69138276553106,100.0,5231.1092726535235
400,30,6.0,0.03,45.89178356713427,100.0,5244.652993361473
400,35,5.5,0.05,46.09218436873748,100.0,5258.277035031988
400,35,6.0,0.02,46.29258517034068,100.0,5271.981397665069
450,37,6.0,0.03,46.29258517034068,100.0,5271.981397665069
450,30,8.0,0.005,46.29258517034068,100.0,5271.981397665069
400,25,7.4,0.005,46.29258517034068,100.0,5271.981397665069
500,35,7.0,0.01,46.49298597194389,100.0,5285.766081260717
300,37,5.5,0.01,46.49298597194389,100.0,5285.766081260717
500,30,6.5,0.03,46.49298597194389,100.0,5285.766081260717
450,25,7.4,0.01,46.49298597194389,100.0,5285.766081260717
350,35,6.0,0.01,46.8937875751503,100.0,5313.576411339714
400,30,6.5,0.01,46.8937875751503,100.0,5313.576411339714
500,37,6.0,0.05,46.8937875751503,100.0,5313.576411339714
500,35,6.5,0.02,46.8937875751503,100.0,5313.576411339714
400,37,6.5,0.005,47.0941883767535,100.0,5327.60205782306
450,35,7.0,0.005,47.29458917835671,100.0,5341.708025268975
450,37,6.5,0.01,47.29458917835671,100.0,5341.708025268975
350,37,5.5,0.02,47.29458917835671,100.0,5341.708025268975
450,30,6.0,0.05,47.29458917835671,100.0,5341.708025268975
300,25,6.0,0.01,47.49498997995992,100.0,5355.894313677455
400,40,5.5,0.03,47.49498997995992,100.0,5355.894313677455
250,25,5.5,0.01,47.49498997995992,100.0,5355.894313677455
500,25,7.0,0.02,47.89579158316633,100.0,5384.507853382114
500,30,7.4,0.01,47.89579158316633,100.0,5384.507853382114
500,35,8.0,0.005,48.09619238476954,100.0,5398.935104678294
350,25,5.5,0.05,48.29659318637274,100.0,5413.44267693704
350,25,6.0,0.02,48.29659318637274,100.0,5413.44267693704
450,35,6.0,0.03,48.29659318637274,100.0,5413.44267693704
500,37,7.4,0.005,48.29659318637274,100.0,5413.44267693704
450,30,7.4,0.005,48.69739478957915,100.0,5442.698784342231
300,35,5.5,0.01,48.69739478957915,100.0,5442.698784342231
450,40,6.0,0.02,48.89779559118236,100.0,5457.447319488676
350,30,5.5,0.03,49.098196392785574,100.0,5472.276175597688
450,40,5.5,0.05,49.098196392785574,100.0,5472.276175597688
500,35,6.0,0.05,49.098196392785574,100.0,5472.276175597688
500,40,7.0,0.005,49.298597194388776,100.0,5487.185352669267
350,35,5.5,0.02,49.498997995991985,100.0,5502.174850703411
450,35,6.5,0.01,49.498997995991985,100.0,5502.174850703411
400,35,6.5,0.005,49.498997995991985,100.0,5502.174850703411
350,40,6.0,0.005,49.69939879759519,100.0,5517.244669700121
300,30,6.0,0.005,49.899799599198396,100.0,5532.394809659399
250,30,5.5,0.005,49.899799599198396,100.0,5532.394809659399
300,25,5.5,0.02,50.1002004008016,100.0,5547.625270581242
500,40,6.0,0.03,50.300601202404806,100.0,5562.936052465652
450,25,7.0,0.01,50.50100200400801,100.0,5578.327155312629
400,37,5.5,0.03,50.701402805611224,100.0,5593.798579122173
400,40,6.0,0.01,50.701402805611224,100.0,5593.798579122173
500,35,7.4,0.005,50.701402805611224,100.0,5593.798579122173
400,25,7.0,0.005,50.701402805611224,100.0,5593.798579122173
450,25,6.5,0.02,50.901803607214426,100.0,5609.350323894281
500,25,8.0,0.01,51.503006012024045,100.0,5656.487483986008
500,40,6.5,0.01,51.503006012024045,100.0,5656.487483986008
300,40,5.5,0.005,51.70340681362725,100.0,5672.360512608382
400,25,6.0,0.03,51.70340681362725,100.0,5672.360512608382
400,30,6.0,0.02,51.70340681362725,100.0,5672.360512608382
350,25,6.5,0.005,51.903807615230455,100.0,5688.313862193324
450,37,6.0,0.02,52.10420841683367,100.0,5704.347532740832
400,30,5.5,0.05,52.10420841683367,100.0,5704.347532740832
500,30,7.0,0.01,52.30460921843687,100.0,5720.461524250906
450,37,5.5,0.05,52.50501002004008,100.0,5736.6558367235475
500,30,6.5,0.02,52.50501002004008,100.0,5736.6558367235475
500,25,6.5,0.03,52.50501002004008,100.0,5736.6558367235475
350,30,6.0,0.01,52.50501002004008,100.0,5736.6558367235475
450,25,8.0,0.005,52.50501002004008,100.0,5736.6558367235475
450,40,6.5,0.005,52.705410821643284,100.0,5752.930470158754
400,35,5.5,0.03,52.90581162324649,100.0,5769.285424556528
500,37,7.0,0.005,52.90581162324649,100.0,5769.285424556528
400,25,6.5,0.01,52.90581162324649,100.0,5769.285424556528
350,37,6.0,0.005,53.3066132264529,100.0,5802.236296239774
400,40,5.5,0.02,53.507014028056105,100.0,5818.8322135252465
450,30,7.0,0.005,53.507014028056105,100.0,5818.8322135252465
450,25,6.0,0.05,53.70741482965932,100.0,5835.508451773287
500,37,6.0,0.03,53.70741482965932,100.0,5835.508451773287
500,25,7.4,0.01,53.90781563126252,100.0,5852.265010983891
450,30,6.0,0.03,54.30861723446893,100.0,5886.019092292801
350,40,5.5,0.01,54.30861723446893,100.0,5886.019092292801
400,37,6.0,0.01,54.30861723446893,100.0,5886.019092292801
500,30,8.0,0.005,54.50901803607214,100.0,5903.0166143911065
450,35,6.0,0.02,54.50901803607214,100.0,5903.0166143911065
300,30,5.5,0.01,54.709418837675344,100.0,5920.094457451977
500,37,6.5,0.01,55.110220440881754,100.0,5954.491106461419
450,35,5.5,0.05,55.110220440881754,100.0,5954.491106461419
350,25,5.5,0.03,55.31062124248497,100.0,5971.80991240999
350,30,5.5,0.02,55.31062124248497,100.0,5971.80991240999
500,35,7.0,0.005,55.51102204408818,100.0,5989.209039321127
450,30,6.5,0.01,55.51102204408818,100.0,5989.209039321127
450,25,7.4,0.005,55.51102204408818,100.0,5989.209039321127
500,30,6.0,0.05,55.51102204408818,100.0,5989.209039321127
300,37,5.5,0.005,55.71142284569138,100.0,6006.6884871948305
350,35,6.0,0.005,55.91182364729459,100.0,6024.2482560311
400,30,6.5,0.005,56.11222444889779,100.0,6041.888345829936
450,40,5.5,0.03,56.11222444889779,100.0,6041.888345829936
500,35,6.0,0.03,56.312625250501,100.0,6059.6087565913385
450,37,6.5,0.005,56.5130260521042,100.0,6077.4094883153075
250,25,5.5,0.005,56.71342685370741,100.0,6095.290541001843
500,40,6.0,0.02,56.71342685370741,100.0,6095.290541001843
400,35,6.0,0.01,56.71342685370741,100.0,6095.290541001843
300,25,6.0,0.005,56.71342685370741,100.0,6095.290541001843
400,37,5.5,0.02,57.11422845691383,100.0,6131.293609262613
500,30,7.4,0.005,57.31462925851703,100.0,6149.415624836847
500,40,5.5,0.05,57.51503006012024,100.0,6167.617961373649
500,35,6.5,0.01,57.51503006012024,100.0,6167.617961373649
350,37,5.5,0.01,58.11623246492985,100.0,6222.70689675945
400,25,6.0,0.02,58.11623246492985,100.0,6222.70689675945
300,35,5.5,0.005,58.31663326653307,100.0,6241.230517146518
500,25,7.0,0.01,58.91783567134269,100.0,6297.283304083116
500,25,6.5,0.02,58.91783567134269,100.0,6297.283304083116
350,25,6.0,0.01,59.11823647294589,100.0,6316.128208320448
400,25,5.5,0.05,59.3186372745491,100.0,6335.053433520347
450,35,6.5,0.005,59.3186372745491,100.0,6335.053433520347
400,30,5.5,0.03,59.5190380761523,100.0,6354.058979682812
400,35,5.5,0.02,59.71943887775551,100.0,6373.144846807843
450,37,5.5,0.03,59.91983967935872,100.0,6392.3110348954415
450,40,6.0,0.01,60.120240480961925,100.0,6411.557543945607
500,37,6.0,0.02,60.521042084168336,100.0,6450.291524933635
450,25,7.0,0.005,60.72144288577154,100.0,6469.778996871498
350,35,5.5,0.01,60.72144288577154,100.0,6469.778996871498
400,40,6.0,0.005,60.921843687374746,100.0,6489.346789771928
450,25,6.0,0.03,61.12224448897795,100.0,6508.994903634924
450,30,6.0,0.02,61.12224448897795,100.0,6508.994903634924
300,25,5.5,0.01,61.523046092184366,100.0,6548.532094248618
500,25,8.0,0.005,61.723446893787575,100.0,6568.421170999313
500,37,5.5,0.05,61.923847695390776,100.0,6588.390568712575
500,40,6.5,0.005,61.923847695390776,100.0,6588.390568712575
350,25,5.5,0.02,62.124248496993985,100.0,6608.440287388404
450,30,5.5,0.05,62.525050100200396,100.0,6648.78068762776
450,25,6.5,0.01,62.525050100200396,100.0,6648.78068762776
500,30,7.0,0.005,62.7254509018036,100.0,6669.071369191288
450,35,5.5,0.03,62.7254509018036,100.0,6669.071369191288
450,40,5.5,0.02,63.12625250501002,100.0,6709.893695206043
500,25,6.0,0.05,63.12625250501002,100.0,6709.893695206043
500,35,6.0,0.02,63.12625250501002,100.0,6709.893695206043
500,30,6.0,0.03,63.12625250501002,100.0,6709.893695206043
350,30,6.0,0.005,63.326653306613224,100.0,6730.42533965727
400,30,6.0,0.01,63.52705410821643,100.0,6751.037305071064
400,25,6.5,0.005,63.727454909819635,100.0,6771.729591447423
450,37,6.0,0.01,64.12825651302605,100.0,6813.355127087842
500,30,6.5,0.01,64.52905811623246,100.0,6855.301946578527
500,35,5.5,0.05,64.92985971943888,100.0,6897.570049919479
500,25,7.4,0.005,65.13026052104208,100.0,6918.824583033802
500,40,5.5,0.03,65.33066132264528,100.0,6940.159437110693
400,37,6.0,0.005,65.33066132264528,100.0,6940.159437110693
350,40,5.5,0.005,65.53106212424849,100.0,6961.574612150152
400,40,5.5,0.01,65.7314629258517,100.0,6983.0701081521765
300,30,5.5,0.005,65.9318637274549,100.0,7004.645925116765
500,37,6.5,0.005,66.33266533066133,100.0,7048.038521933648
400,30,5.5,0.02,66.73346693386773,100.0,7091.752402600792
450,35,6.0,0.01,66.93386773547094,100.0,7113.729824378215
450,30,6.5,0.005,66.93386773547094,100.0,7113.729824378215
400,25,5.5,0.03,67.13426853707415,100.0,7135.787567118205
450,37,5.5,0.02,67.33466933867734,100.0,7157.925630820759
350,30,5.5,0.01,68.13627254509018,100.0,7247.281095256645
400,35,6.0,0.005,68.53707414829658,100.0,7292.440753249986
450,25,6.0,0.02,68.73747494989979,100.0,7315.141063690506
500,35,6.5,0.005,69.53907815631263,100.0,7406.745515078253
500,40,6.0,0.01,69.73947895791584,100.0,7429.847430331605
500,37,5.5,0.03,69.93987975951903,100.0,7453.029666547523
350,37,5.5,0.005,70.14028056112224,100.0,7476.292223726008
400,37,5.5,0.01,70.14028056112224,100.0,7476.292223726008
450,35,5.5,0.02,70.34068136272545,100.0,7499.63510186706
500,30,6.0,0.02,70.74148296593187,100.0,7546.561821036863
450,30,5.5,0.03,70.74148296593187,100.0,7546.561821036863
500,25,7.0,0.005,71.14228456913827,100.0,7593.809824056931
450,25,5.5,0.05,71.34268537074148,100.0,7617.554307010814
500,25,6.0,0.03,71.34268537074148,100.0,7617.554307010814
400,25,6.0,0.01,71.54308617234469,100.0,7641.379110927265
350,25,6.0,0.005,71.54308617234469,100.0,7641.379110927265
500,25,6.5,0.01,72.54509018036072,100.0,7761.707944948012
450,40,6.0,0.005,72.74549098196393,100.0,7786.0146746398605
500,40,5.5,0.02,73.14629258517034,100.0,7834.869096911258
500,35,5.5,0.03,73.34669338677355,100.0,7859.416789490806
400,35,5.5,0.01,73.34669338677355,100.0,7859.416789490806
350,35,5.5,0.005,73.54709418837675,100.0,7884.044803032919
500,30,5.5,0.05,73.94789579158316,100.0,7933.541793004847
500,37,6.0,0.01,74.34869739478957,100.0,7983.360066827039
300,25,5.5,0.005,74.54909819639278,100.0,8008.389685181986
450,30,6.0,0.01,75.1503006012024,100.0,8083.960466022225
400,25,5.5,0.02,75.1503006012024,100.0,8083.960466022225
450,25,6.5,0.005,75.95190380761522,100.0,8185.8460006184705
350,25,5.5,0.01,76.55310621242485,100.0,8263.103521672605
400,30,6.0,0.005,77.15430861723446,100.0,8341.083931389832
450,40,5.5,0.01,77.55511022044087,100.0,8393.47247601415
500,35,6.0,0.01,77.75551102204409,100.0,8419.787229770162
450,37,6.0,0.005,77.75551102204409,100.0,8419.787229770162
500,37,5.5,0.02,78.1563126252505,100.0,8472.657700169879
500,30,6.5,0.005,78.3567134268537,100.0,8499.213416813585
450,30,5.5,0.02,78.95791583166331,100.0,8579.362492520107
500,25,6.0,0.02,79.75951903807615,100.0,8687.352420271403
400,40,5.5,0.005,79.75951903807615,100.0,8687.352420271403
450,25,5.5,0.03,79.95991983967934,100.0,8714.550704615642
450,35,6.0,0.005,81.56312625250501,100.0,8935.028534021953
500,35,5.5,0.02,81.76352705410821,100.0,8962.94970702929
400,30,5.5,0.01,82.16432865731461,100.0,9019.033015931662
500,30,5.5,0.03,82.76553106212424,100.0,9103.76038650447
350,30,5.5,0.005,82.76553106212424,100.0,9103.76038650447
450,37,5.5,0.01,82.76553106212424,100.0,9103.76038650447
450,25,6.0,0.01,84.3687374749499,100.0,9333.234163718218
500,25,5.5,0.05,84.5691382765531,100.0,9362.279830201485
500,40,6.0,0.005,84.76953907815631,100.0,9391.405817647319
400,37,5.5,0.005,85.57114228456913,100.0,9508.712977056315
450,35,5.5,0.01,86.57314629258516,100.0,9657.154147975309
500,30,6.0,0.01,86.97394789579158,100.0,9717.09286308087
400,25,6.0,0.005,87.17434869739479,100.0,9747.182702077502
500,25,6.5,0.005,88.57715430861722,100.0,9960.060562005772
450,25,5.5,0.02,88.97795591182364,100.0,10021.605696362665
400,35,5.5,0.005,89.37875751503006,100.0,10083.47211456982
500,40,5.5,0.01,89.97995991983967,100.0,10176.874149099802
500,37,6.0,0.005,90.78156312625251,100.0,10302.53468861571
450,30,6.0,0.005,91.58316633266533,100.0,10429.480363532675
500,30,5.5,0.02,91.98396793587173,100.0,10493.435126766557
400,25,5.5,0.01,92.18436873747495,100.0,10525.532989827352
350,25,5.5,0.005,93.38677354709418,100.0,10719.80690840599
500,25,5.5,0.03,93.9879759519038,100.0,10818.028200689958
450,40,5.5,0.005,94.78957915831663,100.0,10950.114417211174
500,35,6.0,0.005,94.98997995991984,100.0,10983.336773747895
500,37,5.5,0.01,95.99198396793587,100.0,11150.653370869995
450,30,5.5,0.01,96.7935871743487,100.0,11285.952425893873
500,25,6.0,0.01,97.79559118236472,100.0,11456.88346633146
500,25,5.5,0.01,100.0,100.0,11840.0
500,25,5.5,0.02,100.0,100.0,11840.0
500,30,5.5,0.005,100.0,100.0,11840.0
500,25,5.5,0.005,100.0,100.0,11840.0
500,35,5.5,0.01,100.0,100.0,11840.0
500,35,5.5,0.005,100.0,100.0,11840.0
500,25,6.0,0.005,100.0,100.0,11840.0
500,30,5.5,0.01,100.0,100.0,11840.0
500,30,6.0,0.005,100.0,100.0,11840.0
400,30,5.5,0.005,100.0,100.0,11840.0
400,25,5.5,0.005,100.0,100.0,11840.0
450,30,5.5,0.005,100.0,100.0,11840.0
500,37,5.5,0.005,100.0,100.0,11840.0
450,35,5.5,0.005,100.0,100.0,11840.0
450,37,5.5,0.005,100.0,100.0,11840.0
450,25,6.0,0.005,100.0,100.0,11840.0
450,25,5.5,0.01,100.0,100.0,11840.0
450,25,5.5,0.005,100.0,100.0,11840.0
500,40,5.5,0.005,100.0,100.0,11840.0
